{"val_acc": 0.7984848618507385, "best_acc": 0.9307070970535278, "loss": 0.6458137035369873, "_timestamp": 1717644516.3085675, "_runtime": 792.9632325172424, "_step": 300, "_wandb": {"runtime": 792}}