{"val_acc": 0.2581818401813507, "best_acc": 0.8644444942474365, "loss": 2.6271705627441406, "_timestamp": 1717385894.3446562, "_runtime": 1249.0821721553802, "_step": 300, "_wandb": {"runtime": 1248}}