{"val_acc": 0.9629999995231628, "best_acc": 0.9638999700546265, "loss": 0.12809409201145172, "_timestamp": 1714688707.7910507, "_runtime": 8301.456738710403, "_step": 550}