{"val_acc": 0.6116999983787537, "best_acc": 0.6116999983787537, "loss": 1.863690733909607, "_timestamp": 1715911870.012112, "_runtime": 57.957902908325195, "_step": 0}