{"val_acc": 0.7912999987602234, "best_acc": 0.9372999668121338, "loss": 0.6602693200111389, "_timestamp": 1717508095.178498, "_runtime": 1302.8469469547272, "_step": 500, "_wandb": {"runtime": 1302}}