{"val_acc": 0.3455999791622162, "best_acc": 0.353300005197525, "loss": 1.8530128002166748, "_timestamp": 1713052618.5256195, "_runtime": 2141.481558561325, "_step": 106}