{"val_acc": 0.7318999767303467, "best_acc": 0.8675999641418457, "loss": 0.8865106105804443, "_timestamp": 1717525135.5341737, "_runtime": 734.4562666416168, "_step": 300, "_wandb": {"runtime": 733}}