{"val_acc": 0.9734343886375427, "best_acc": 0.976262629032135, "loss": 0.0830337330698967, "_timestamp": 1718394005.8290887, "_runtime": 2510.63712477684, "_step": 1000, "_wandb": {"runtime": 2509}}