{"val_acc": 0.9345454573631287, "best_acc": 0.9606060981750488, "loss": 0.22688418626785278, "_timestamp": 1717390425.6321754, "_runtime": 824.952362537384, "_step": 300, "_wandb": {"runtime": 824}}