{"val_acc": 0.9420999884605408, "best_acc": 0.9601999521255493, "loss": 0.20030207931995392, "_timestamp": 1717573315.575883, "_runtime": 854.0832169055939, "_step": 300, "_wandb": {"runtime": 853}}