{"val_acc": 0.9572999477386475, "best_acc": 0.9662999510765076, "loss": 0.18701300024986267, "_timestamp": 1716400019.358893, "_runtime": 2246.72092294693, "_step": 200, "_wandb": {"runtime": 2246}}