{"val_acc": 0.8021999597549438, "best_acc": 0.8154000043869019, "loss": 0.7336310744285583, "_timestamp": 1715976308.0085225, "_runtime": 32198.71559548378, "_step": 2000, "_wandb": {"runtime": 32198}}