{"val_acc": 0.1704999953508377, "best_acc": 0.636900007724762, "loss": 1.998628854751587, "_timestamp": 1718623750.8514786, "_runtime": 2630.0791585445404, "_step": 1000, "_wandb": {"runtime": 2629}}