{"val_acc": 0.8788889050483704, "best_acc": 0.9643434882164001, "loss": 0.3082386255264282, "_timestamp": 1717780358.5988507, "_runtime": 833.6580457687378, "_step": 300, "_wandb": {"runtime": 833}}