{"val_acc": 0.9240999817848206, "best_acc": 0.9440999627113342, "loss": 0.34244289994239807, "_timestamp": 1718558527.6249545, "_runtime": 2557.916112422943, "_step": 1000, "_wandb": {"runtime": 2557}}