{"val_acc": 0.8173999786376953, "best_acc": 0.952299952507019, "loss": 1.2352949380874634, "_timestamp": 1717565106.2104695, "_runtime": 861.4146153926849, "_step": 300, "_wandb": {"runtime": 860}}