{"val_acc": 0.7030999660491943, "best_acc": 0.8631999492645264, "loss": 1.3576949834823608, "_timestamp": 1717553426.9971676, "_runtime": 730.2446765899658, "_step": 300, "_wandb": {"runtime": 729}}