{"val_acc": 0.9614999890327454, "best_acc": 0.9672999978065491, "loss": 0.15772497653961182, "_timestamp": 1716410533.901728, "_runtime": 1633.7095518112183, "_step": 200, "_wandb": {"runtime": 1633}}