{"val_acc": 0.9749999642372131, "best_acc": 0.9753999710083008, "loss": 0.0888230949640274, "_timestamp": 1714680394.6694343, "_runtime": 29675.92309641838, "_step": 2000, "_wandb": {"runtime": 29675}}