{"val_acc": 0.670699954032898, "best_acc": 0.9264999628067017, "loss": 1.2053653001785278, "_timestamp": 1717543419.1586607, "_runtime": 766.1374187469482, "_step": 300, "_wandb": {"runtime": 765}}