{"val_acc": 0.9081999659538269, "best_acc": 0.9413999915122986, "loss": 0.3261405825614929, "_timestamp": 1718358346.805681, "_runtime": 3973.0816419124603, "_step": 1000, "_wandb": {"runtime": 3972}}