{"val_acc": 0.7678999900817871, "best_acc": 0.9147999882698059, "loss": 0.6926603317260742, "_timestamp": 1717545733.5326958, "_runtime": 767.9616668224335, "_step": 300, "_wandb": {"runtime": 767}}