{"val_acc": 0.991599977016449, "best_acc": 0.9923999905586243, "loss": 0.02754933387041092, "_timestamp": 1716138048.0907862, "_runtime": 39601.0322933197, "_step": 2000, "_wandb": {"runtime": 39600}}