{"val_acc": 0.8876767754554749, "best_acc": 0.9644444584846497, "loss": 0.3900271952152252, "_timestamp": 1717705491.6489482, "_runtime": 769.8243441581726, "_step": 300, "_wandb": {"runtime": 769}}