{"val_acc": 0.4786999821662903, "best_acc": 0.5394999980926514, "loss": 1.4590396881103516, "_timestamp": 1713028022.4438708, "_runtime": 10293.454350709915, "_step": 477}