{"val_acc": 0.8727272748947144, "best_acc": 0.9652525782585144, "loss": 0.3526325821876526, "_timestamp": 1717468309.857394, "_runtime": 1468.8173100948334, "_step": 500, "_wandb": {"runtime": 1468}}