{"val_acc": 0.8732999563217163, "best_acc": 0.9027000069618225, "loss": 0.6185281276702881, "_timestamp": 1717528274.0487266, "_runtime": 749.3078756332397, "_step": 300, "_wandb": {"runtime": 748}}