{"val_acc": 0.8804040551185608, "best_acc": 0.9205051064491272, "loss": 0.3764491677284241, "_timestamp": 1717640517.3781228, "_runtime": 787.4364478588104, "_step": 300, "_wandb": {"runtime": 786}}