{"val_acc": 0.42595961689949036, "best_acc": 0.8513131737709045, "loss": 1.5037195682525635, "_timestamp": 1717663938.5063531, "_runtime": 750.5588660240173, "_step": 300, "_wandb": {"runtime": 749}}