{"val_acc": 0.9052000045776367, "best_acc": 0.9214999675750732, "loss": 0.4113321602344513, "_timestamp": 1716355436.2206476, "_runtime": 138.40123748779297, "_step": 8, "_wandb": {"runtime": 138}}