{"val_acc": 0.9060606360435486, "best_acc": 0.9543434381484985, "loss": 0.3323202431201935, "_timestamp": 1717714788.1092513, "_runtime": 778.7843482494354, "_step": 300, "_wandb": {"runtime": 778}}