{"val_acc": 0.5268999934196472, "best_acc": 0.8689999580383301, "loss": 1.3397210836410522, "_timestamp": 1717599380.2888947, "_runtime": 726.0668587684631, "_step": 300, "_wandb": {"runtime": 725}}