{"val_acc": 0.9811999797821045, "best_acc": 0.9870999455451965, "loss": 0.05854472517967224, "_timestamp": 1716844067.9388113, "_runtime": 2656.9294633865356, "_step": 1000, "_wandb": {"runtime": 2656}}