{"val_acc": 0.8519999980926514, "best_acc": 0.9567999839782715, "loss": 0.5173797011375427, "_timestamp": 1717574189.4748387, "_runtime": 864.7539157867432, "_step": 300, "_wandb": {"runtime": 864}}