{"val_acc": 0.9664999842643738, "best_acc": 0.9678999781608582, "loss": 0.11073946207761765, "_timestamp": 1726186933.471311, "_runtime": 1009.2299840450287, "_step": 500, "_wandb": {"runtime": 1008}}