{"val_acc": 0.5929999947547913, "best_acc": 0.9041000008583069, "loss": 1.2810322046279907, "_timestamp": 1717894658.9563255, "_runtime": 717.0528964996338, "_step": 300, "_wandb": {"runtime": 716}}