{"val_acc": 0.21249999105930328, "best_acc": 0.6581000089645386, "loss": 1.9066765308380127, "_timestamp": 1717736086.965671, "_runtime": 712.3282971382141, "_step": 300, "_wandb": {"runtime": 711}}