{"val_acc": 0.7434999942779541, "best_acc": 0.9569999575614929, "loss": 0.6814873218536377, "_timestamp": 1717518175.5098226, "_runtime": 790.9391996860504, "_step": 300, "_wandb": {"runtime": 790}}