{"val_acc": 0.9422000050544739, "best_acc": 0.9490000009536743, "loss": 0.2671869397163391, "_timestamp": 1717485482.7607975, "_runtime": 352.5875244140625, "_step": 119}