{"val_acc": 0.920699954032898, "best_acc": 0.9651999473571777, "loss": 0.2748156785964966, "_timestamp": 1717486596.3995914, "_runtime": 1466.226318359375, "_step": 500, "_wandb": {"runtime": 1465}}