{"val_acc": 0.764848530292511, "best_acc": 0.9193939566612244, "loss": 0.805149257183075, "_timestamp": 1717643715.9795065, "_runtime": 786.6346685886383, "_step": 300, "_wandb": {"runtime": 786}}