{"val_acc": 0.934646487236023, "best_acc": 0.9552525281906128, "loss": 0.43587949872016907, "_timestamp": 1717781199.2545483, "_runtime": 831.5130944252014, "_step": 300, "_wandb": {"runtime": 830}}