{"val_acc": 0.1684848517179489, "best_acc": 0.6570707559585571, "loss": 2.431342601776123, "_timestamp": 1717626008.921577, "_runtime": 699.2348880767822, "_step": 271}