{"val_acc": 0.91239994764328, "best_acc": 0.9133999943733215, "loss": 0.31913694739341736, "_timestamp": 1726208262.6452982, "_runtime": 1013.8281042575836, "_step": 500, "_wandb": {"runtime": 1012}}