{"val_acc": 0.8551999926567078, "best_acc": 0.9283999800682068, "loss": 0.5932733416557312, "_timestamp": 1717548820.8681667, "_runtime": 768.3590536117554, "_step": 300, "_wandb": {"runtime": 767}}