{"val_acc": 0.835099995136261, "best_acc": 0.9179999828338623, "loss": 0.6349322199821472, "_timestamp": 1717852502.6063585, "_runtime": 1196.5033724308014, "_step": 300, "_wandb": {"runtime": 1195}}