{"val_acc": 0.8932999968528748, "best_acc": 0.9550999999046326, "loss": 0.3125035762786865, "_timestamp": 1717825988.5852609, "_runtime": 1205.7979719638824, "_step": 300, "_wandb": {"runtime": 1205}}