{"val_acc": 0.0982000008225441, "best_acc": 0.0982000008225441, "loss": 2.2995474338531494, "_timestamp": 1718344730.9455128, "_runtime": 132.54164481163025, "_step": 0}