{"val_acc": 0.9647474884986877, "best_acc": 0.9647474884986877, "loss": 0.1159442588686943, "_timestamp": 1718441480.8780391, "_runtime": 3903.0141592025757, "_step": 1000, "_wandb": {"runtime": 3902}}