{"val_acc": 0.13079999387264252, "best_acc": 0.13539999723434448, "loss": 2.3007194995880127, "_timestamp": 1718615630.5012336, "_runtime": 2601.7077066898346, "_step": 1000, "_wandb": {"runtime": 2601}}