{"val_acc": 0.9501999616622925, "best_acc": 0.9682999849319458, "loss": 0.18453210592269897, "_timestamp": 1718028739.7419531, "_runtime": 1424.1506261825562, "_step": 500, "_wandb": {"runtime": 1423}}