{"val_acc": 0.6887999773025513, "best_acc": 0.8325999975204468, "loss": 1.7231109142303467, "_timestamp": 1717167374.3728719, "_runtime": 28726.444992780685, "_step": 415}