{"val_acc": 0.8992999792098999, "best_acc": 0.9101999998092651, "loss": 0.35138118267059326, "_timestamp": 1726207163.0100806, "_runtime": 7457.521210670471, "_step": 218}