{"val_acc": 0.9316999912261963, "best_acc": 0.9577999711036682, "loss": 0.267996609210968, "_timestamp": 1717771848.0337207, "_runtime": 551.0392727851868, "_step": 203}