{"val_acc": 0.9322222471237183, "best_acc": 0.934646487236023, "loss": 0.2605975270271301, "_timestamp": 1717801277.1773586, "_runtime": 1178.4605367183685, "_step": 300, "_wandb": {"runtime": 1177}}