{"val_acc": 0.11490000039339066, "best_acc": 0.19380000233650208, "loss": 2.3247499465942383, "_timestamp": 1717455430.0544436, "_runtime": 965.7062036991119, "_step": 500, "_wandb": {"runtime": 965}}