{"val_acc": 0.30660000443458557, "best_acc": 0.30660000443458557, "loss": 1.9372339248657227, "_timestamp": 1713360501.1847186, "_runtime": 1231.5644745826721, "_step": 57}