{"val_acc": 0.7045999765396118, "best_acc": 0.722000002861023, "_timestamp": 1712980840.4504006, "_runtime": 13598.593092679977, "_step": 1000, "_wandb": {"runtime": 13597}}