{"val_acc": 0.983199954032898, "best_acc": 0.983199954032898, "loss": 0.05364682525396347, "_timestamp": 1716789031.9165418, "_runtime": 572.9029867649078, "_step": 200, "_wandb": {"runtime": 572}}