{"val_acc": 0.9776999950408936, "best_acc": 0.9804999828338623, "loss": 0.06895899027585983, "_timestamp": 1716168794.3384647, "_runtime": 3518.655322790146, "_step": 80}