{"val_acc": 0.37959998846054077, "best_acc": 0.37959998846054077, "loss": 1.7034120559692383, "_timestamp": 1713654120.227249, "_runtime": 852.363410949707, "_step": 77}