{"val_acc": 0.9761999845504761, "best_acc": 0.9775999784469604, "loss": 0.07912813872098923, "_timestamp": 1715924462.6469967, "_runtime": 5828.170654773712, "_step": 2000, "_wandb": {"runtime": 5827}}