{"val_acc": 0.874040424823761, "best_acc": 0.9593939781188965, "loss": 0.372208833694458, "_timestamp": 1717652431.906762, "_runtime": 764.1269688606262, "_step": 300, "_wandb": {"runtime": 763}}