{"val_acc": 0.823199987411499, "best_acc": 0.9285999536514282, "loss": 0.7027411460876465, "_timestamp": 1717535821.439571, "_runtime": 707.3817698955536, "_step": 300, "_wandb": {"runtime": 706}}