{"val_acc": 0.6717999577522278, "best_acc": 0.8441999554634094, "loss": 1.2818430662155151, "_timestamp": 1717417060.0246165, "_runtime": 10627.93870139122, "_step": 223}