{"val_acc": 0.7768999934196472, "best_acc": 0.8167999982833862, "loss": 0.8981262445449829, "_timestamp": 1717414873.964931, "_runtime": 8441.879015922546, "_step": 176}