{"val_acc": 0.7669999599456787, "best_acc": 0.8470999598503113, "loss": 1.057655930519104, "_timestamp": 1717430131.5532923, "_runtime": 23699.46737718582, "_step": 500, "_wandb": {"runtime": 23698}}