{"val_acc": 0.5658000111579895, "best_acc": 0.8226000070571899, "loss": 1.8951499462127686, "_timestamp": 1717454085.1697278, "_runtime": 23942.78139591217, "_step": 500, "_wandb": {"runtime": 23942}}