{"val_acc": 0.3607070744037628, "best_acc": 0.8361616134643555, "loss": 1.7063319683074951, "_timestamp": 1717720163.6639247, "_runtime": 742.2005295753479, "_step": 300, "_wandb": {"runtime": 741}}