{"val_acc": 0.9098989963531494, "best_acc": 0.9176768064498901, "loss": 0.42470061779022217, "_timestamp": 1717687025.957404, "_runtime": 775.209321975708, "_step": 300, "_wandb": {"runtime": 774}}