{"val_acc": 0.8965999484062195, "best_acc": 0.948199987411499, "loss": 0.3912552297115326, "_timestamp": 1716812641.8646424, "_runtime": 3261.201325416565, "_step": 1000, "_wandb": {"runtime": 3260}}