{"val_acc": 0.6840999722480774, "best_acc": 0.7037999629974365, "_timestamp": 1712871605.0355701, "_runtime": 12941.695515155792, "_step": 1000, "_wandb": {"runtime": 12940}}