{"val_acc": 0.20679999887943268, "best_acc": 0.20679999887943268, "loss": 2.045315980911255, "_timestamp": 1713785072.172234, "_runtime": 648.4546720981598, "_step": 62}