{"val_acc": 0.9536999464035034, "best_acc": 0.9657999873161316, "loss": 0.17502129077911377, "_timestamp": 1716404906.7233715, "_runtime": 3792.2235174179077, "_step": 200, "_wandb": {"runtime": 3791}}