{"val_acc": 0.9697980284690857, "best_acc": 0.9701010584831238, "loss": 0.09774479269981384, "_timestamp": 1717463125.1248102, "_runtime": 105.98829627037048, "_step": 33}