{"val_acc": 0.9423999786376953, "best_acc": 0.9535999894142151, "loss": 0.2630700469017029, "_timestamp": 1716434063.3723612, "_runtime": 3949.0698442459106, "_step": 200, "_wandb": {"runtime": 3947}}