{"val_acc": 0.8107070922851562, "best_acc": 0.9461616277694702, "loss": 0.6143964529037476, "_timestamp": 1717902431.2809165, "_runtime": 858.7802505493164, "_step": 300, "_wandb": {"runtime": 858}}