{"val_acc": 0.41009998321533203, "best_acc": 0.8786999583244324, "loss": 1.5690799951553345, "_timestamp": 1717888842.1085832, "_runtime": 729.3933372497559, "_step": 300, "_wandb": {"runtime": 728}}