{"val_acc": 0.7828999757766724, "best_acc": 0.9050999879837036, "loss": 0.6926075220108032, "_timestamp": 1717548042.9659157, "_runtime": 751.2652676105499, "_step": 300, "_wandb": {"runtime": 750}}