{"val_acc": 0.9333999752998352, "best_acc": 0.948699951171875, "loss": 0.2858472168445587, "_timestamp": 1717769580.3770356, "_runtime": 846.1935696601868, "_step": 300, "_wandb": {"runtime": 845}}