{"val_acc": 0.6807000041007996, "best_acc": 0.902999997138977, "loss": 0.8863611817359924, "_timestamp": 1717544955.5764103, "_runtime": 757.8759381771088, "_step": 300, "_wandb": {"runtime": 757}}