{"val_acc": 0.6531313061714172, "best_acc": 0.9015151858329773, "loss": 0.9095776677131653, "_timestamp": 1717798917.0146568, "_runtime": 1185.8240728378296, "_step": 300, "_wandb": {"runtime": 1185}}