{"val_acc": 0.6741999983787537, "best_acc": 0.705299973487854, "loss": 1.7580004930496216, "_timestamp": 1716803738.7646964, "_runtime": 2785.271101474762, "_step": 210}