{"val_acc": 0.6164999604225159, "best_acc": 0.9074999690055847, "loss": 0.9925900101661682, "_timestamp": 1717896097.5092142, "_runtime": 713.011057138443, "_step": 300, "_wandb": {"runtime": 712}}