{"val_acc": 0.25, "best_acc": 0.25, "loss": 2.0732741355895996, "_timestamp": 1713487125.057285, "_runtime": 294.0268449783325, "_step": 25}