{"val_acc": 0.7981818318367004, "best_acc": 0.9294949769973755, "loss": 0.5499249696731567, "_timestamp": 1717387221.2743957, "_runtime": 1260.3999767303467, "_step": 300, "_wandb": {"runtime": 1259}}