{"val_acc": 0.7720999717712402, "best_acc": 0.7770000100135803, "loss": 0.7084798216819763, "_timestamp": 1713847536.130243, "_runtime": 20679.449861049652, "_step": 2000, "_wandb": {"runtime": 20678}}