{"val_acc": 0.4212999939918518, "best_acc": 0.4212999939918518, "loss": 1.5800228118896484, "_timestamp": 1715843478.8775496, "_runtime": 587.5255615711212, "_step": 1}