{"val_acc": 0.2887879014015198, "best_acc": 0.5739393830299377, "loss": 1.6590224504470825, "_timestamp": 1717749414.6757765, "_runtime": 1256.8035213947296, "_step": 300, "_wandb": {"runtime": 1256}}