{"val_acc": 0.3372727334499359, "best_acc": 0.6262626647949219, "loss": 1.7675888538360596, "_timestamp": 1717757690.5126562, "_runtime": 1155.0992572307587, "_step": 300, "_wandb": {"runtime": 1154}}