{"val_acc": 0.11343434453010559, "best_acc": 0.6525252461433411, "loss": 2.302582025527954, "_timestamp": 1717670741.9986877, "_runtime": 740.7404978275299, "_step": 300, "_wandb": {"runtime": 740}}