{"val_acc": 0.8896999955177307, "best_acc": 0.8949999809265137, "loss": 0.41597187519073486, "_timestamp": 1726097182.9184136, "_runtime": 3707.7790365219116, "_step": 107}