{"val_acc": 0.8272727727890015, "best_acc": 0.9366666674613953, "loss": 0.5771386623382568, "_timestamp": 1717696727.3520384, "_runtime": 779.8775622844696, "_step": 300, "_wandb": {"runtime": 779}}