{"val_acc": 0.18219999969005585, "best_acc": 0.3649999797344208, "loss": 2.1642496585845947, "_timestamp": 1713698096.6156142, "_runtime": 3560.8925442695618, "_step": 307}