{"val_acc": 0.7937999963760376, "best_acc": 0.9309999942779541, "loss": 0.7766377329826355, "_timestamp": 1717568515.5810785, "_runtime": 856.3066976070404, "_step": 300, "_wandb": {"runtime": 855}}