{"val_acc": 0.6909999847412109, "best_acc": 0.6909999847412109, "loss": 1.2861473560333252, "_timestamp": 1716353973.300452, "_runtime": 38.962323904037476, "_step": 1, "_wandb": {"runtime": 39}}