{"val_acc": 0.9547999501228333, "best_acc": 0.9572999477386475, "loss": 0.17456868290901184, "_timestamp": 1716806848.0818205, "_runtime": 2977.8294904232025, "_step": 1000, "_wandb": {"runtime": 2977}}