{"val_acc": 0.7804999947547913, "best_acc": 0.8463000059127808, "loss": 1.21616530418396, "_timestamp": 1717066893.9426692, "_runtime": 34944.140619039536, "_step": 500, "_wandb": {"runtime": 34944}}