{"val_acc": 0.606499969959259, "best_acc": 0.6240999698638916, "loss": 1.1386055946350098, "_timestamp": 1713147307.358827, "_runtime": 16437.833014011383, "_step": 1000, "_wandb": {"runtime": 16437}}