{"val_acc": 0.49869999289512634, "best_acc": 0.49869999289512634, "loss": 1.8961265087127686, "_timestamp": 1718497702.195046, "_runtime": 9.912020921707153, "_step": 1}