{"val_acc": 0.09479999542236328, "best_acc": 0.2198999971151352, "loss": 2.3025856018066406, "_timestamp": 1713752986.127238, "_runtime": 12045.834702014923, "_step": 1000, "_wandb": {"runtime": 12045}}