{"val_acc": 0.7108080983161926, "best_acc": 0.8382828831672668, "loss": 1.3908164501190186, "_timestamp": 1717484094.185598, "_runtime": 7150.682008981705, "_step": 153}