{"val_acc": 0.11343434453010559, "best_acc": 0.7697979807853699, "loss": 2.3025832176208496, "_timestamp": 1717666963.132008, "_runtime": 743.4094760417938, "_step": 300, "_wandb": {"runtime": 742}}