{"val_acc": 0.8934999704360962, "best_acc": 0.9391999840736389, "loss": 0.5900261402130127, "_timestamp": 1717886608.6908872, "_runtime": 769.351377248764, "_step": 300, "_wandb": {"runtime": 768}}