{"val_acc": 0.9283838868141174, "best_acc": 0.9493939876556396, "loss": 0.6360082626342773, "_timestamp": 1717926100.6202621, "_runtime": 827.8216111660004, "_step": 300, "_wandb": {"runtime": 826}}