{"val_acc": 0.8989899158477783, "best_acc": 0.9629293084144592, "loss": 0.27625903487205505, "_timestamp": 1717707798.7583876, "_runtime": 752.4020366668701, "_step": 300, "_wandb": {"runtime": 751}}