{"val_acc": 0.4787999987602234, "best_acc": 0.540399968624115, "_timestamp": 1712807639.9112492, "_runtime": 8872.207438230515, "_step": 500, "_wandb": {"runtime": 8871}}