{"val_acc": 0.8372727632522583, "best_acc": 0.9403030872344971, "loss": 0.5596657395362854, "_timestamp": 1717681489.2769647, "_runtime": 834.1341366767883, "_step": 300, "_wandb": {"runtime": 833}}