{"val_acc": 0.8021000027656555, "best_acc": 0.9365999698638916, "loss": 0.4609936475753784, "_timestamp": 1717564236.951452, "_runtime": 861.2681250572205, "_step": 300, "_wandb": {"runtime": 860}}