{"val_acc": 0.9375757575035095, "best_acc": 0.9556565880775452, "loss": 0.2260216474533081, "_timestamp": 1717815377.9085882, "_runtime": 1309.8256680965424, "_step": 300, "_wandb": {"runtime": 1309}}