{"val_acc": 0.08699999749660492, "best_acc": 0.20879998803138733, "loss": 2.405099391937256, "_timestamp": 1717457322.4508522, "_runtime": 935.0463781356812, "_step": 500, "_wandb": {"runtime": 934}}