{"val_acc": 0.9019999504089355, "best_acc": 0.9383999705314636, "loss": 0.49724623560905457, "_timestamp": 1718307793.3190129, "_runtime": 2545.5053079128265, "_step": 1000, "_wandb": {"runtime": 2544}}