{"val_acc": 0.5404999852180481, "best_acc": 0.9888999462127686, "loss": 0.7440203428268433, "_timestamp": 1714031703.9606986, "_runtime": 5663.781299591064, "_step": 2000, "_wandb": {"runtime": 5663}}