{"val_acc": 0.17059999704360962, "best_acc": 0.17059999704360962, "loss": 2.272791862487793, "_timestamp": 1713567420.6293979, "_runtime": 35692.606539964676, "_step": 5}