{"val_acc": 0.9664646983146667, "best_acc": 0.9706060886383057, "loss": 0.12850163877010345, "_timestamp": 1717472734.5831206, "_runtime": 1465.67364859581, "_step": 500, "_wandb": {"runtime": 1464}}