{"val_acc": 0.9625253081321716, "best_acc": 0.9687879085540771, "loss": 0.13138234615325928, "_timestamp": 1717466830.0106034, "_runtime": 1462.0314424037933, "_step": 500, "_wandb": {"runtime": 1461}}