{"val_acc": 0.9532999992370605, "best_acc": 0.9589999914169312, "loss": 0.21258464455604553, "_timestamp": 1717829793.4541166, "_runtime": 1305.448216676712, "_step": 300, "_wandb": {"runtime": 1304}}