{"val_acc": 0.8949999809265137, "best_acc": 0.9423999786376953, "loss": 0.608151912689209, "_timestamp": 1718310352.0391579, "_runtime": 2549.9516518115997, "_step": 1000, "_wandb": {"runtime": 2549}}