{"val_acc": 0.49959999322891235, "best_acc": 0.5270000100135803, "_timestamp": 1712745632.0093942, "_runtime": 8832.456056118011, "_step": 500, "_wandb": {"runtime": 8831}}