{"val_acc": 0.5794000029563904, "best_acc": 0.6324999928474426, "loss": 1.2334703207015991, "_timestamp": 1713097815.9682133, "_runtime": 6918.061685323715, "_step": 424}