{"val_acc": 0.7968999743461609, "best_acc": 0.9023000001907349, "loss": 1.0328730344772339, "_timestamp": 1717547280.406643, "_runtime": 762.4515299797058, "_step": 300, "_wandb": {"runtime": 761}}