{"val_acc": 0.09699999541044235, "best_acc": 0.09699999541044235, "loss": 2.300477981567383, "_timestamp": 1716881605.3301265, "_runtime": 8.712485551834106, "_step": 1}