{"val_acc": 0.8676999807357788, "best_acc": 0.8804000020027161, "loss": 0.5082392692565918, "_timestamp": 1726552548.0918744, "_runtime": 4747.952925443649, "_step": 500, "_wandb": {"runtime": 4747}}