{"val_acc": 0.9529999494552612, "best_acc": 0.967199981212616, "loss": 0.19756408035755157, "_timestamp": 1717506781.0007236, "_runtime": 1358.814192533493, "_step": 500, "_wandb": {"runtime": 1358}}