{"val_acc": 0.8498989939689636, "best_acc": 0.9283838868141174, "loss": 0.590235710144043, "_timestamp": 1717649318.409149, "_runtime": 794.1333019733429, "_step": 300, "_wandb": {"runtime": 793}}