{"val_acc": 0.9441414475440979, "best_acc": 0.946969747543335, "loss": 0.25451526045799255, "_timestamp": 1717680644.631733, "_runtime": 863.4450190067291, "_step": 300, "_wandb": {"runtime": 862}}