{"val_acc": 0.887499988079071, "best_acc": 0.887499988079071, "loss": 0.467223584651947, "_timestamp": 1726539514.9341173, "_runtime": 2052.2061784267426, "_step": 500, "_wandb": {"runtime": 2051}}