{"val_acc": 0.733199954032898, "best_acc": 0.9041000008583069, "loss": 0.7476469874382019, "_timestamp": 1717853710.1921434, "_runtime": 1198.1222054958344, "_step": 300, "_wandb": {"runtime": 1197}}