{"val_acc": 0.8789999485015869, "best_acc": 0.9399999976158142, "loss": 0.3587057888507843, "_timestamp": 1717511669.1798036, "_runtime": 385.0977466106415, "_step": 115, "_wandb": {"runtime": 386}}