{"val_acc": 0.6859999895095825, "best_acc": 0.692799985408783, "loss": 0.9446057081222534, "_timestamp": 1713588884.3158135, "_runtime": 3618.701897621155, "_step": 391}