{"val_acc": 0.7293939590454102, "best_acc": 0.7398990392684937, "loss": 0.8280624151229858, "_timestamp": 1718281916.3904943, "_runtime": 5062.2141053676605, "_step": 544}