{"val_acc": 0.8640999794006348, "best_acc": 0.8962999582290649, "loss": 0.5224754214286804, "_timestamp": 1717893212.8337686, "_runtime": 717.3338375091553, "_step": 300, "_wandb": {"runtime": 716}}