{"val_acc": 0.7181000113487244, "best_acc": 0.9138000011444092, "loss": 1.0392941236495972, "_timestamp": 1717536524.563214, "_runtime": 693.6673600673676, "_step": 300, "_wandb": {"runtime": 693}}