{"val_acc": 0.7324999570846558, "best_acc": 0.7390999794006348, "loss": 0.8153128623962402, "_timestamp": 1713433163.2618506, "_runtime": 5253.1732006073, "_step": 509}