{"val_acc": 0.8104999661445618, "best_acc": 0.9099999666213989, "loss": 0.9140961766242981, "_timestamp": 1717554162.7264345, "_runtime": 724.1835174560547, "_step": 300, "_wandb": {"runtime": 723}}