{"val_acc": 0.8849999904632568, "best_acc": 0.9585999846458435, "loss": 0.40026330947875977, "_timestamp": 1717533566.3483245, "_runtime": 778.481118440628, "_step": 300, "_wandb": {"runtime": 777}}