{"val_acc": 0.843999981880188, "best_acc": 0.9409999847412109, "loss": 0.5464233160018921, "_timestamp": 1717555655.9174473, "_runtime": 731.9684863090515, "_step": 300, "_wandb": {"runtime": 731}}