{"val_acc": 0.9527999758720398, "best_acc": 0.9634999632835388, "loss": 0.1506417989730835, "_timestamp": 1718342836.8836892, "_runtime": 2783.7004141807556, "_step": 1000, "_wandb": {"runtime": 2783}}