{"val_acc": 0.9252525568008423, "best_acc": 0.9602020382881165, "loss": 0.2954949736595154, "_timestamp": 1717661669.2667043, "_runtime": 763.6455233097076, "_step": 300, "_wandb": {"runtime": 762}}