{"val_acc": 0.9432999491691589, "best_acc": 0.9491999745368958, "loss": 0.24988839030265808, "_timestamp": 1718300078.7759607, "_runtime": 2555.3516845703125, "_step": 1000, "_wandb": {"runtime": 2554}}