{"val_acc": 0.799191951751709, "best_acc": 0.9158586263656616, "loss": 0.6937631368637085, "_timestamp": 1717940118.3262177, "_runtime": 739.3151595592499, "_step": 300, "_wandb": {"runtime": 738}}