{"val_acc": 0.20629999041557312, "best_acc": 0.6258999705314636, "loss": 2.1114938259124756, "_timestamp": 1718698833.5450945, "_runtime": 2848.3947246074677, "_step": 1000, "_wandb": {"runtime": 2847}}