{"val_acc": 0.8694949746131897, "best_acc": 0.925151526927948, "loss": 0.39747923612594604, "_timestamp": 1717389591.1853392, "_runtime": 1157.917509317398, "_step": 300, "_wandb": {"runtime": 1157}}