{"val_acc": 0.972599983215332, "best_acc": 0.972599983215332, "loss": 0.09986712038516998, "_timestamp": 1714014466.7971904, "_runtime": 124.10578036308289, "_step": 40}