{"val_acc": 0.4489898979663849, "best_acc": 0.9026262760162354, "loss": 1.4533665180206299, "_timestamp": 1717635708.1300497, "_runtime": 783.6743066310883, "_step": 300, "_wandb": {"runtime": 783}}