{"val_acc": 0.6943434476852417, "best_acc": 0.903131365776062, "loss": 0.869685173034668, "_timestamp": 1717946147.9820096, "_runtime": 741.2239866256714, "_step": 300, "_wandb": {"runtime": 740}}