{"val_acc": 0.9663636684417725, "best_acc": 0.9685859084129333, "loss": 0.1277342438697815, "_timestamp": 1717475553.3235672, "_runtime": 1374.0547060966492, "_step": 500, "_wandb": {"runtime": 1373}}