{"val_acc": 0.6176999807357788, "best_acc": 0.6401999592781067, "loss": 1.1246291399002075, "_timestamp": 1713160755.5054958, "_runtime": 13430.958664894104, "_step": 817, "_wandb": {"runtime": 13445}}