{"val_acc": 0.8622999787330627, "best_acc": 0.8777999877929688, "loss": 0.559232771396637, "_timestamp": 1726225277.8897557, "_runtime": 16996.197665691376, "_step": 500, "_wandb": {"runtime": 16995}}