{"val_acc": 0.9485858678817749, "best_acc": 0.9622222781181335, "loss": 0.205455482006073, "_timestamp": 1717928674.6439252, "_runtime": 832.1259121894836, "_step": 300, "_wandb": {"runtime": 831}}