{"val_acc": 0.8566666841506958, "best_acc": 0.9630303382873535, "loss": 0.5513768196105957, "_timestamp": 1717922745.2750866, "_runtime": 826.722526550293, "_step": 300, "_wandb": {"runtime": 826}}