{"val_acc": 0.9182999730110168, "best_acc": 0.9182999730110168, "loss": 0.31396639347076416, "_timestamp": 1726101502.635547, "_runtime": 4269.212132930756, "_step": 124}