{"val_acc": 0.9623000025749207, "best_acc": 0.9650999903678894, "loss": 0.1524074375629425, "_timestamp": 1716388626.511464, "_runtime": 2605.915286064148, "_step": 200, "_wandb": {"runtime": 2605}}