{"val_acc": 0.9501000046730042, "best_acc": 0.9681999683380127, "loss": 0.1747165322303772, "_timestamp": 1717492131.653772, "_runtime": 1436.1166880130768, "_step": 500, "_wandb": {"runtime": 1435}}