{"val_acc": 0.2816999852657318, "best_acc": 0.2816999852657318, "loss": 2.255497455596924, "_timestamp": 1716968469.832681, "_runtime": 80.1867778301239, "_step": 0}