{"val_acc": 0.15680000185966492, "best_acc": 0.16820000112056732, "loss": 2.214428186416626, "_timestamp": 1713161255.8507164, "_runtime": 183.7296314239502, "_step": 9, "_wandb": {"runtime": 198}}