{"val_acc": 0.983199954032898, "best_acc": 0.9837999939918518, "loss": 0.051727887243032455, "_timestamp": 1716098351.9704473, "_runtime": 364.89055824279785, "_step": 124}