{"val_acc": 0.8631999492645264, "best_acc": 0.9301999807357788, "loss": 0.530020534992218, "_timestamp": 1717012536.275019, "_runtime": 35120.88040995598, "_step": 500, "_wandb": {"runtime": 35120}}