{"val_acc": 0.927299976348877, "best_acc": 0.927299976348877, "loss": 0.3537420332431793, "_timestamp": 1716355037.423053, "_runtime": 152.87115693092346, "_step": 9, "_wandb": {"runtime": 153}}