{"val_acc": 0.9409999847412109, "best_acc": 0.9459999799728394, "loss": 0.33025357127189636, "_timestamp": 1716788447.9134467, "_runtime": 1703.2123765945435, "_step": 200, "_wandb": {"runtime": 1702}}