{"val_acc": 0.4139999747276306, "best_acc": 0.6823999881744385, "loss": 1.6903899908065796, "_timestamp": 1726112975.515754, "_runtime": 1018.8330109119415, "_step": 500, "_wandb": {"runtime": 1018}}