{"val_acc": 0.7667999863624573, "best_acc": 0.8985999822616577, "loss": 0.8044916987419128, "_timestamp": 1717524392.5960147, "_runtime": 747.2863998413086, "_step": 300, "_wandb": {"runtime": 746}}