{"val_acc": 0.9581999778747559, "best_acc": 0.9680999517440796, "loss": 0.16697967052459717, "_timestamp": 1716381277.6610312, "_runtime": 2823.8806743621826, "_step": 500, "_wandb": {"runtime": 2823}}