{"val_acc": 0.8837373852729797, "best_acc": 0.9698989987373352, "loss": 0.266666978597641, "_timestamp": 1718066687.032195, "_runtime": 1523.7593550682068, "_step": 500, "_wandb": {"runtime": 1523}}