{"val_acc": 0.9217000007629395, "best_acc": 0.9386000037193298, "loss": 0.5621080994606018, "_timestamp": 1717535106.7398355, "_runtime": 750.4536504745483, "_step": 300, "_wandb": {"runtime": 749}}