{"val_acc": 0.8980000019073486, "best_acc": 0.9036999940872192, "loss": 0.29668542742729187, "_timestamp": 1714092738.6967962, "_runtime": 3690.9501111507416, "_step": 2000, "_wandb": {"runtime": 3690}}