{"val_acc": 0.850303053855896, "best_acc": 0.927676796913147, "loss": 0.5623934268951416, "_timestamp": 1718506106.3720884, "_runtime": 753.0563404560089, "_step": 240}