{"val_acc": 0.5306999683380127, "best_acc": 0.5306999683380127, "loss": 1.968673586845398, "_timestamp": 1716185307.4943523, "_runtime": 30.732298374176025, "_step": 0}