{"val_acc": 0.771818220615387, "best_acc": 0.9545454978942871, "loss": 1.1351265907287598, "_timestamp": 1717909387.6102002, "_runtime": 860.1193470954895, "_step": 300, "_wandb": {"runtime": 859}}