{"val_acc": 0.7789899110794067, "best_acc": 0.9565656781196594, "loss": 0.5371014475822449, "_timestamp": 1717927832.1914947, "_runtime": 871.6998016834259, "_step": 300, "_wandb": {"runtime": 870}}