{"val_acc": 0.9277778267860413, "best_acc": 0.9417172074317932, "loss": 0.29818180203437805, "_timestamp": 1717849981.559288, "_runtime": 816.1896231174469, "_step": 300, "_wandb": {"runtime": 815}}