{"val_acc": 0.18629999458789825, "best_acc": 0.8163999915122986, "loss": 2.0091662406921387, "_timestamp": 1717375284.477803, "_runtime": 1255.8692100048065, "_step": 300, "_wandb": {"runtime": 1254}}