{"val_acc": 0.8646999597549438, "best_acc": 0.9443999528884888, "loss": 0.6154946684837341, "_timestamp": 1717566820.0547612, "_runtime": 822.6024932861328, "_step": 300, "_wandb": {"runtime": 821}}