{"val_acc": 0.8705050945281982, "best_acc": 0.9531313180923462, "loss": 0.39903524518013, "_timestamp": 1717679772.5795877, "_runtime": 864.3666656017303, "_step": 300, "_wandb": {"runtime": 863}}