{"val_acc": 0.9585999846458435, "best_acc": 0.9685999751091003, "loss": 0.16382721066474915, "_timestamp": 1717504106.8098586, "_runtime": 1336.754718542099, "_step": 500, "_wandb": {"runtime": 1336}}