{"val_acc": 0.9168999791145325, "best_acc": 0.9368999600410461, "loss": 0.5043814778327942, "_timestamp": 1718327909.7812157, "_runtime": 2571.389568567276, "_step": 1000, "_wandb": {"runtime": 2570}}