{"val_acc": 0.8131999969482422, "best_acc": 0.9346999526023865, "loss": 0.558513879776001, "_timestamp": 1718305239.2157025, "_runtime": 2555.6726315021515, "_step": 1000, "_wandb": {"runtime": 2555}}