{"val_acc": 0.913599967956543, "best_acc": 0.9366999864578247, "loss": 0.4411329925060272, "_timestamp": 1718538284.7346797, "_runtime": 2619.092925786972, "_step": 1000, "_wandb": {"runtime": 2618}}