{"val_acc": 0.950606107711792, "best_acc": 0.956161618232727, "loss": 0.2206895649433136, "_timestamp": 1717816706.184574, "_runtime": 1319.2671117782593, "_step": 300, "_wandb": {"runtime": 1318}}