{"val_acc": 0.8466999530792236, "best_acc": 0.8491999506950378, "loss": 0.5063695311546326, "_timestamp": 1715944096.9340525, "_runtime": 19354.182695388794, "_step": 2000, "_wandb": {"runtime": 19353}}