{"val_acc": 0.2753535509109497, "best_acc": 0.6881818175315857, "loss": 1.86752450466156, "_timestamp": 1717722407.5269141, "_runtime": 771.9323210716248, "_step": 300, "_wandb": {"runtime": 771}}