{"val_acc": 0.9266666769981384, "best_acc": 0.9544444680213928, "loss": 0.29514598846435547, "_timestamp": 1717694326.8165267, "_runtime": 784.9355456829071, "_step": 300, "_wandb": {"runtime": 784}}