{"val_acc": 0.34529998898506165, "best_acc": 0.34529998898506165, "loss": 2.1602814197540283, "_timestamp": 1715909056.4436603, "_runtime": 243.97694516181946, "_step": 0}