{"val_acc": 0.8107999563217163, "best_acc": 0.9496999979019165, "loss": 0.5730399489402771, "_timestamp": 1718363072.2431335, "_runtime": 4259.203954458237, "_step": 1000, "_wandb": {"runtime": 4258}}