{"val_acc": 0.9873737692832947, "best_acc": 0.9878787994384766, "loss": 0.038120657205581665, "_timestamp": 1717463818.778836, "_runtime": 672.0244579315186, "_step": 224}