{"val_acc": 0.9502999782562256, "best_acc": 0.955299973487854, "loss": 0.19807898998260498, "_timestamp": 1716809369.8633254, "_runtime": 3328.9637932777405, "_step": 1000, "_wandb": {"runtime": 3328}}