{"val_acc": 0.12600000202655792, "best_acc": 0.22919999063014984, "loss": 2.322173595428467, "_timestamp": 1713729121.589279, "_runtime": 12354.62107205391, "_step": 1000, "_wandb": {"runtime": 12353}}