{"val_acc": 0.7387999892234802, "best_acc": 0.7538999915122986, "loss": 0.7880611419677734, "_timestamp": 1713460857.317191, "_runtime": 14551.522919893265, "_step": 1000, "_wandb": {"runtime": 14550}}