{"val_acc": 0.6906060576438904, "best_acc": 0.9278787970542908, "loss": 0.8290822505950928, "_timestamp": 1717628488.3634777, "_runtime": 791.0340077877045, "_step": 300, "_wandb": {"runtime": 790}}