{"val_acc": 0.745555579662323, "best_acc": 0.9557576179504395, "loss": 0.700371265411377, "_timestamp": 1717656279.2042763, "_runtime": 761.4783444404602, "_step": 300, "_wandb": {"runtime": 760}}