{"val_acc": 0.676800012588501, "best_acc": 0.9154999852180481, "loss": 1.0461692810058594, "_timestamp": 1716849459.5787723, "_runtime": 2692.239010334015, "_step": 1000, "_wandb": {"runtime": 2691}}