{"val_acc": 0.8425999879837036, "best_acc": 0.9152999520301819, "loss": 0.8966496586799622, "_timestamp": 1718322750.4545112, "_runtime": 2438.8999650478363, "_step": 1000, "_wandb": {"runtime": 2438}}