{"val_acc": 0.44839999079704285, "best_acc": 0.44839999079704285, "loss": 2.2080252170562744, "_timestamp": 1716969241.8894725, "_runtime": 39.240551471710205, "_step": 0, "_wandb": {"runtime": 40}}