{"val_acc": 0.8713131546974182, "best_acc": 0.9614141583442688, "loss": 0.41422876715660095, "_timestamp": 1717678027.5967696, "_runtime": 837.6359646320343, "_step": 300, "_wandb": {"runtime": 836}}