{"val_acc": 0.8563636541366577, "best_acc": 0.9340404272079468, "loss": 0.4755171537399292, "_timestamp": 1717645312.4466445, "_runtime": 789.3734405040741, "_step": 300, "_wandb": {"runtime": 788}}