{"val_acc": 0.9063999652862549, "best_acc": 0.9063999652862549, "loss": 0.3108006715774536, "_timestamp": 1716267594.8191078, "_runtime": 44.518083810806274, "_step": 4}