{"val_acc": 0.6922000050544739, "best_acc": 0.7058999538421631, "_timestamp": 1712912637.5274558, "_runtime": 13731.4144449234, "_step": 1000, "_wandb": {"runtime": 13730}}