{"val_acc": 0.21282829344272614, "best_acc": 0.8272727727890015, "loss": 2.167600154876709, "_timestamp": 1717723198.013717, "_runtime": 773.3861329555511, "_step": 300, "_wandb": {"runtime": 772}}