{"val_acc": 0.7048999667167664, "best_acc": 0.7048999667167664, "loss": 0.7188531160354614, "_timestamp": 1716185577.3778749, "_runtime": 57.85441875457764, "_step": 1}