{"val_acc": 0.8352999687194824, "best_acc": 0.9453999996185303, "loss": 0.5688526034355164, "_timestamp": 1717526731.3110518, "_runtime": 787.5730218887329, "_step": 300, "_wandb": {"runtime": 786}}