{"val_acc": 0.9417172074317932, "best_acc": 0.9643434882164001, "loss": 0.25138241052627563, "_timestamp": 1717810191.0237868, "_runtime": 1246.9892728328705, "_step": 300, "_wandb": {"runtime": 1246}}