{"val_acc": 0.8015999794006348, "best_acc": 0.9339999556541443, "loss": 0.584374189376831, "_timestamp": 1718289791.577212, "_runtime": 2555.5960001945496, "_step": 1000, "_wandb": {"runtime": 2555}}