{"val_acc": 0.9496970176696777, "best_acc": 0.9559596180915833, "loss": 0.2135547399520874, "_timestamp": 1718383576.3262134, "_runtime": 2624.74391245842, "_step": 1000, "_wandb": {"runtime": 2624}}