{"val_acc": 0.10849999636411667, "best_acc": 0.755899965763092, "loss": 2.2311668395996094, "_timestamp": 1717764390.812079, "_runtime": 110.94116187095642, "_step": 39}