{"val_acc": 0.49969998002052307, "best_acc": 0.5144999623298645, "loss": 1.3665852546691895, "_timestamp": 1713671532.4321861, "_runtime": 4615.222154140472, "_step": 427}