{"val_acc": 0.9059999585151672, "best_acc": 0.9549999833106995, "loss": 0.37589091062545776, "_timestamp": 1717525934.3786898, "_runtime": 790.4646158218384, "_step": 300, "_wandb": {"runtime": 789}}