{"val_acc": 0.8912999629974365, "best_acc": 0.9540999531745911, "loss": 0.3687770664691925, "_timestamp": 1717584658.6947765, "_runtime": 839.1700866222382, "_step": 300, "_wandb": {"runtime": 838}}