{"val_acc": 0.9554999470710754, "best_acc": 0.964199960231781, "loss": 0.17206209897994995, "_timestamp": 1716419239.3722324, "_runtime": 1093.6758604049683, "_step": 200, "_wandb": {"runtime": 1092}}