{"val_acc": 0.0973999947309494, "best_acc": 0.413100004196167, "loss": 2.6455042362213135, "_timestamp": 1718608441.8302562, "_runtime": 8413.528215169907, "_step": 181}