{"val_acc": 0.5243434309959412, "best_acc": 0.9191919565200806, "loss": 1.5778930187225342, "_timestamp": 1717626882.8137958, "_runtime": 802.0089647769928, "_step": 300, "_wandb": {"runtime": 801}}