{"val_acc": 0.90829998254776, "best_acc": 0.9544000029563904, "loss": 0.45013734698295593, "_timestamp": 1717529805.5390668, "_runtime": 781.2142007350922, "_step": 300, "_wandb": {"runtime": 780}}