{"val_acc": 0.8597999811172485, "best_acc": 0.9613999724388123, "loss": 0.36993515491485596, "_timestamp": 1717511722.1901975, "_runtime": 903.7344975471497, "_step": 293, "_wandb": {"runtime": 905}}