{"val_acc": 0.958686888217926, "best_acc": 0.9613131880760193, "loss": 0.16586638987064362, "_timestamp": 1717713188.2129467, "_runtime": 806.2841477394104, "_step": 300, "_wandb": {"runtime": 805}}