{"val_acc": 0.10009999573230743, "_timestamp": 1712659648.807105, "_runtime": 86.7063820362091, "_step": 1}