{"val_acc": 0.1096000000834465, "best_acc": 0.1363999992609024, "loss": 2.2946884632110596, "_timestamp": 1717401362.3935452, "_runtime": 296.1045460700989, "_step": 4, "_wandb": {"runtime": 297}}