{"val_acc": 0.5938000082969666, "best_acc": 0.9072999954223633, "loss": 1.2972201108932495, "_timestamp": 1717541095.5709546, "_runtime": 780.3432946205139, "_step": 300, "_wandb": {"runtime": 778}}