{"val_acc": 0.7102000117301941, "best_acc": 0.7293999791145325, "loss": 0.869175374507904, "_timestamp": 1713446296.2788672, "_runtime": 11940.103867292404, "_step": 1000, "_wandb": {"runtime": 11939}}