{"val_acc": 0.6904040575027466, "best_acc": 0.9284848570823669, "loss": 0.8370674848556519, "_timestamp": 1717632503.8244176, "_runtime": 792.3658494949341, "_step": 300, "_wandb": {"runtime": 791}}