{"val_acc": 0.6685858964920044, "best_acc": 0.7364646792411804, "loss": 0.9762775301933289, "_timestamp": 1717746893.4139686, "_runtime": 1274.552250623703, "_step": 300, "_wandb": {"runtime": 1273}}