{"val_acc": 0.8190000057220459, "best_acc": 0.8956999778747559, "loss": 0.6386252045631409, "_timestamp": 1717892487.4336443, "_runtime": 744.5507164001465, "_step": 300, "_wandb": {"runtime": 743}}