{"val_acc": 0.4699999988079071, "best_acc": 0.5123000144958496, "_timestamp": 1712817193.279201, "_runtime": 9505.996639966965, "_step": 500, "_wandb": {"runtime": 9505}}