{"val_acc": 0.20909999310970306, "best_acc": 0.8520999550819397, "loss": 2.1945278644561768, "_timestamp": 1717586248.6094964, "_runtime": 771.8343324661255, "_step": 300, "_wandb": {"runtime": 771}}