{"val_acc": 0.9559999704360962, "best_acc": 0.9673999547958374, "loss": 0.16614295542240143, "_timestamp": 1717495883.9081185, "_runtime": 1449.329449415207, "_step": 500, "_wandb": {"runtime": 1448}}