{"val_acc": 0.7317999601364136, "best_acc": 0.7440999746322632, "loss": 0.8225042819976807, "_timestamp": 1713774004.8839133, "_runtime": 10130.545797348022, "_step": 1000, "_wandb": {"runtime": 10129}}