{"val_acc": 0.5684848427772522, "best_acc": 0.7697979807853699, "loss": 1.4084811210632324, "_timestamp": 1717350280.48995, "_runtime": 20806.795254945755, "_step": 300, "_wandb": {"runtime": 20806}}