{"val_acc": 0.957878828048706, "best_acc": 0.9639394283294678, "loss": 0.15244951844215393, "_timestamp": 1718445392.4267046, "_runtime": 3902.1116857528687, "_step": 1000, "_wandb": {"runtime": 3901}}