{"val_acc": 0.6279999613761902, "best_acc": 0.6607999801635742, "_timestamp": 1712831601.9195592, "_runtime": 6877.074488162994, "_step": 500, "_wandb": {"runtime": 6876}}