{"val_acc": 0.4375999867916107, "best_acc": 0.4375999867916107, "loss": 1.5433855056762695, "_timestamp": 1713616431.0701675, "_runtime": 1215.243094444275, "_step": 115}