{"val_acc": 0.860909104347229, "best_acc": 0.964545488357544, "loss": 0.3972129821777344, "_timestamp": 1717784579.5398514, "_runtime": 831.968754529953, "_step": 300, "_wandb": {"runtime": 831}}