{"val_acc": 0.6405999660491943, "best_acc": 0.649899959564209, "loss": 1.0680721998214722, "_timestamp": 1713592369.68185, "_runtime": 3388.9191229343414, "_step": 343}