{"val_acc": 0.8184999823570251, "best_acc": 0.8309999704360962, "loss": 0.7833080291748047, "_timestamp": 1726114506.1985977, "_runtime": 1023.0403637886047, "_step": 500, "_wandb": {"runtime": 1022}}