{"val_acc": 0.8356999754905701, "best_acc": 0.8833000063896179, "loss": 0.8023942112922668, "_timestamp": 1717516631.278718, "_runtime": 749.494117975235, "_step": 300, "_wandb": {"runtime": 748}}