{"val_acc": 0.7963999509811401, "best_acc": 0.8718000054359436, "loss": 0.7882047891616821, "_timestamp": 1718358632.9999588, "_runtime": 274.15481185913086, "_step": 67}