{"val_acc": 0.2662000060081482, "best_acc": 0.6215999722480774, "loss": 2.2489445209503174, "_timestamp": 1718618323.6604686, "_runtime": 2683.2260525226593, "_step": 1000, "_wandb": {"runtime": 2682}}