{"val_acc": 0.8140999674797058, "best_acc": 0.9598999619483948, "loss": 0.5471365451812744, "_timestamp": 1718354365.6185915, "_runtime": 4005.545033454895, "_step": 1000, "_wandb": {"runtime": 4004}}