{"val_acc": 0.11349999904632568, "best_acc": 0.8240000009536743, "loss": 2.3025832176208496, "_timestamp": 1717594979.132697, "_runtime": 762.976725101471, "_step": 300, "_wandb": {"runtime": 762}}