{"val_acc": 0.9368000030517578, "best_acc": 0.9386999607086182, "loss": 0.21236877143383026, "_timestamp": 1726490865.4793777, "_runtime": 991.713193655014, "_step": 500, "_wandb": {"runtime": 991}}