{"val_acc": 0.9562999606132507, "best_acc": 0.9562999606132507, "loss": 0.1480327695608139, "_timestamp": 1726199683.180691, "_runtime": 1025.9921090602875, "_step": 500, "_wandb": {"runtime": 1025}}