{"val_acc": 0.8096999526023865, "best_acc": 0.8154999613761902, "loss": 1.0145472288131714, "_timestamp": 1716969147.2665546, "_runtime": 512.4691336154938, "_step": 6, "_wandb": {"runtime": 558}}