{"val_acc": 0.5350505113601685, "best_acc": 0.7370707392692566, "loss": 1.2932400703430176, "_timestamp": 1717721628.5234406, "_runtime": 710.9272797107697, "_step": 300, "_wandb": {"runtime": 710}}