{"val_acc": 0.9289000034332275, "best_acc": 0.9684999585151672, "loss": 0.21267330646514893, "_timestamp": 1718024768.484401, "_runtime": 1435.713798046112, "_step": 500, "_wandb": {"runtime": 1434}}