{"val_acc": 0.8840000033378601, "best_acc": 0.9635999798774719, "loss": 0.44301220774650574, "_timestamp": 1717577532.9829288, "_runtime": 800.7254836559296, "_step": 300, "_wandb": {"runtime": 800}}