{"val_acc": 0.9403030872344971, "best_acc": 0.9572727680206299, "loss": 0.21523310244083405, "_timestamp": 1717691925.4202654, "_runtime": 810.3193793296814, "_step": 300, "_wandb": {"runtime": 809}}