{"val_acc": 0.8758999705314636, "best_acc": 0.9318999648094177, "loss": 0.618553102016449, "_timestamp": 1717891732.5008507, "_runtime": 788.4290387630463, "_step": 300, "_wandb": {"runtime": 787}}