{"val_acc": 0.8761999607086182, "best_acc": 0.8822000026702881, "loss": 0.5251632332801819, "_timestamp": 1726547791.441363, "_runtime": 3074.0299260616302, "_step": 500, "_wandb": {"runtime": 3073}}