{"val_acc": 0.988599956035614, "best_acc": 0.9898999929428101, "loss": 0.034323882311582565, "_timestamp": 1716816543.9619832, "_runtime": 3218.364973306656, "_step": 1000, "_wandb": {"runtime": 3217}}