{"val_acc": 0.9142999649047852, "best_acc": 0.9469999670982361, "loss": 0.3256552815437317, "_timestamp": 1717588610.9934494, "_runtime": 781.6486253738403, "_step": 300, "_wandb": {"runtime": 780}}