{"val_acc": 0.9532999992370605, "best_acc": 0.9652999639511108, "loss": 0.17377738654613495, "_timestamp": 1716386010.9099371, "_runtime": 2233.705733060837, "_step": 200, "_wandb": {"runtime": 2233}}