{"val_acc": 0.7988889217376709, "best_acc": 0.9316161870956421, "loss": 0.6463662981987, "_timestamp": 1717641330.243341, "_runtime": 795.6547448635101, "_step": 300, "_wandb": {"runtime": 795}}