{"val_acc": 0.9108080863952637, "best_acc": 0.9378787875175476, "loss": 0.33466777205467224, "_timestamp": 1717642128.3498356, "_runtime": 788.9670517444611, "_step": 300, "_wandb": {"runtime": 788}}