{"val_acc": 0.9512121677398682, "best_acc": 0.9639394283294678, "loss": 0.16803643107414246, "_timestamp": 1717710070.5946107, "_runtime": 735.194938659668, "_step": 300, "_wandb": {"runtime": 734}}