{"val_acc": 0.9802999496459961, "best_acc": 0.9854999780654907, "loss": 0.05847538262605667, "_timestamp": 1716836015.7590811, "_runtime": 2665.9315071105957, "_step": 1000, "_wandb": {"runtime": 2665}}