{"val_acc": 0.7246999740600586, "best_acc": 0.7502999901771545, "loss": 0.8269254565238953, "_timestamp": 1713376233.6719651, "_runtime": 15058.073692083359, "_step": 1000, "_wandb": {"runtime": 15057}}