{"val_acc": 0.29670000076293945, "best_acc": 0.3861999809741974, "loss": 1.8863612413406372, "_timestamp": 1713666889.7408717, "_runtime": 11027.824691772461, "_step": 1000, "_wandb": {"runtime": 11027}}