{"val_acc": 0.8153535723686218, "best_acc": 0.941919207572937, "loss": 0.5139161944389343, "_timestamp": 1717918298.1647923, "_runtime": 893.3739733695984, "_step": 300, "_wandb": {"runtime": 892}}