{"val_acc": 0.8770707249641418, "best_acc": 0.9233333468437195, "loss": 0.5727452635765076, "_timestamp": 1717686241.9792929, "_runtime": 770.2831988334656, "_step": 300, "_wandb": {"runtime": 769}}