{"val_acc": 0.7686868906021118, "best_acc": 0.9290909171104431, "loss": 0.7972452044487, "_timestamp": 1717637314.1508408, "_runtime": 795.0549597740173, "_step": 300, "_wandb": {"runtime": 794}}