{"val_acc": 0.800599992275238, "best_acc": 0.9217999577522278, "loss": 0.6704334020614624, "_timestamp": 1717532070.2147875, "_runtime": 714.1448304653168, "_step": 300, "_wandb": {"runtime": 713}}