{"val_acc": 0.5139999985694885, "_timestamp": 1712700033.8749862, "_runtime": 8449.175045251846, "_step": 500, "_wandb": {"runtime": 8448}}