{"val_acc": 0.9280999898910522, "best_acc": 0.9497999548912048, "loss": 0.349418967962265, "_timestamp": 1716446336.19934, "_runtime": 2373.076037168503, "_step": 200, "_wandb": {"runtime": 2372}}