{"val_acc": 0.9208081364631653, "best_acc": 0.9467676877975464, "loss": 0.3760546147823334, "_timestamp": 1717925265.6870525, "_runtime": 834.8052084445953, "_step": 300, "_wandb": {"runtime": 834}}