{"val_acc": 0.7802000045776367, "best_acc": 0.798799991607666, "loss": 0.6709669828414917, "_timestamp": 1713868297.930732, "_runtime": 20743.413245916367, "_step": 2000, "_wandb": {"runtime": 20742}}