{"val_acc": 0.98499995470047, "best_acc": 0.9853000044822693, "loss": 0.04662768542766571, "_timestamp": 1716791357.6209412, "_runtime": 574.5965931415558, "_step": 200, "_wandb": {"runtime": 573}}