{"val_acc": 0.056699998676776886, "best_acc": 0.18729999661445618, "loss": 2.373521566390991, "_timestamp": 1717459662.1756074, "_runtime": 91.37895441055298, "_step": 39}