{"val_acc": 0.9638383984565735, "best_acc": 0.9651515483856201, "loss": 0.12221682816743851, "_timestamp": 1717701499.1953597, "_runtime": 810.6188406944275, "_step": 300, "_wandb": {"runtime": 810}}