{"val_acc": 0.21699999272823334, "best_acc": 0.22839999198913574, "_timestamp": 1712831933.604603, "_runtime": 320.3654360771179, "_step": 21}