{"val_acc": 0.9283999800682068, "best_acc": 0.9495999813079834, "loss": 0.29343342781066895, "_timestamp": 1717510809.4354124, "_runtime": 1318.9397444725037, "_step": 500, "_wandb": {"runtime": 1318}}