{"val_acc": 0.19659999012947083, "best_acc": 0.21119999885559082, "loss": 2.2164814472198486, "_timestamp": 1713338367.9755578, "_runtime": 339.5283727645874, "_step": 16}