{"val_acc": 0.9369696974754333, "best_acc": 0.9491919279098511, "loss": 0.2737250328063965, "_timestamp": 1717923585.1338189, "_runtime": 830.6389808654785, "_step": 300, "_wandb": {"runtime": 829}}