{"val_acc": 0.044343434274196625, "best_acc": 0.777979850769043, "loss": 2.132112741470337, "_timestamp": 1717662416.9615483, "_runtime": 736.4209554195404, "_step": 300, "_wandb": {"runtime": 735}}