{"val_acc": 0.945252537727356, "best_acc": 0.9594950079917908, "loss": 0.18327084183692932, "_timestamp": 1718509087.210962, "_runtime": 2907.5655720233917, "_step": 1000, "_wandb": {"runtime": 2906}}