{"val_acc": 0.7669000029563904, "best_acc": 0.777899980545044, "loss": 0.707557737827301, "_timestamp": 1713784412.3754144, "_runtime": 10397.856644392014, "_step": 1000, "_wandb": {"runtime": 10397}}