{"val_acc": 0.23555555939674377, "best_acc": 0.7978788018226624, "loss": 2.2672948837280273, "_timestamp": 1717671501.8954566, "_runtime": 747.6893615722656, "_step": 300, "_wandb": {"runtime": 746}}