{"val_acc": 0.4505999982357025, "best_acc": 0.4505999982357025, "loss": 1.5432876348495483, "_timestamp": 1713653184.9966528, "_runtime": 1710.5842509269714, "_step": 169}