{"val_acc": 0.5533999800682068, "_timestamp": 1712712616.9284375, "_runtime": 9039.106055498123, "_step": 500, "_wandb": {"runtime": 9038}}