{"val_acc": 0.13585859537124634, "best_acc": 0.7354545593261719, "loss": 2.3273096084594727, "_timestamp": 1717669991.631158, "_runtime": 743.336667060852, "_step": 300, "_wandb": {"runtime": 742}}