{"val_acc": 0.9352525472640991, "best_acc": 0.9554545879364014, "loss": 0.2841757833957672, "_timestamp": 1718391483.3851738, "_runtime": 2627.5699326992035, "_step": 1000, "_wandb": {"runtime": 2626}}