{"val_acc": 0.8953999876976013, "best_acc": 0.9369999766349792, "loss": 0.4502088129520416, "_timestamp": 1718550820.867669, "_runtime": 2553.746596097946, "_step": 1000, "_wandb": {"runtime": 2552}}