{"val_acc": 0.9116999506950378, "best_acc": 0.9389999508857727, "loss": 0.6193826198577881, "_timestamp": 1716351178.8556602, "_runtime": 214.5469651222229, "_step": 15, "_wandb": {"runtime": 214}}