{"val_acc": 0.9535999894142151, "best_acc": 0.9638999700546265, "loss": 0.1632116436958313, "_timestamp": 1717828480.824174, "_runtime": 1311.0040299892426, "_step": 300, "_wandb": {"runtime": 1310}}