{"val_acc": 0.0997999981045723, "best_acc": 0.1046999990940094, "loss": 2.3020434379577637, "_timestamp": 1713434311.2918339, "_runtime": 43.930866956710815, "_step": 2}