{"val_acc": 0.8056566119194031, "best_acc": 0.9274747967720032, "loss": 0.6479072570800781, "_timestamp": 1717800089.5434918, "_runtime": 1161.6758439540863, "_step": 300, "_wandb": {"runtime": 1161}}