{"val_acc": 0.9526000022888184, "best_acc": 0.9715999960899353, "loss": 0.23641793429851532, "_timestamp": 1716394776.4219522, "_runtime": 1067.6500282287598, "_step": 200, "_wandb": {"runtime": 1067}}