{"val_acc": 0.16099999845027924, "best_acc": 0.16099999845027924, "loss": 2.2977185249328613, "_timestamp": 1715924677.4734612, "_runtime": 74.10560703277588, "_step": 3}