{"val_acc": 0.8878788352012634, "best_acc": 0.9245454668998718, "loss": 0.5274803638458252, "_timestamp": 1717699071.0932758, "_runtime": 772.7453618049622, "_step": 300, "_wandb": {"runtime": 772}}