{"val_acc": 0.15889999270439148, "best_acc": 0.8114999532699585, "loss": 2.296112060546875, "_timestamp": 1717586991.582262, "_runtime": 734.9905021190643, "_step": 300, "_wandb": {"runtime": 734}}