{"val_acc": 0.9589899182319641, "best_acc": 0.9635353684425354, "loss": 0.1554306000471115, "_timestamp": 1717708563.6925256, "_runtime": 757.417341709137, "_step": 300, "_wandb": {"runtime": 756}}