{"val_acc": 0.9193999767303467, "best_acc": 0.9226999878883362, "loss": 0.28538551926612854, "_timestamp": 1726563498.7366166, "_runtime": 1236.5280907154083, "_step": 358}