{"val_acc": 0.683899998664856, "best_acc": 0.7340999841690063, "loss": 0.9543464779853821, "_timestamp": 1713472652.1148813, "_runtime": 11784.257718324661, "_step": 1000, "_wandb": {"runtime": 11783}}