{"val_acc": 0.9860000014305115, "best_acc": 0.9879999756813049, "loss": 0.04062462970614433, "_timestamp": 1716354803.0749826, "_runtime": 822.6476397514343, "_step": 282}