{"val_acc": 0.852899968624115, "best_acc": 0.9203999638557434, "loss": 0.5135070085525513, "_timestamp": 1717523634.7254481, "_runtime": 776.5158591270447, "_step": 300, "_wandb": {"runtime": 775}}