{"val_acc": 0.9652999639511108, "best_acc": 0.9684000015258789, "loss": 0.1336260885000229, "_timestamp": 1718030118.0383673, "_runtime": 1368.3080072402954, "_step": 500, "_wandb": {"runtime": 1367}}