{"val_acc": 0.6157999634742737, "best_acc": 0.9055999517440796, "loss": 1.5135782957077026, "_timestamp": 1716820873.894305, "_runtime": 1621.3176100254059, "_step": 500, "_wandb": {"runtime": 1620}}