{"val_acc": 0.8851999640464783, "best_acc": 0.8919999599456787, "loss": 0.49746423959732056, "_timestamp": 1714100307.6761384, "_runtime": 3776.4817752838135, "_step": 2000, "_wandb": {"runtime": 3775}}