{"val_acc": 0.7261999845504761, "best_acc": 0.917199969291687, "loss": 0.8357730507850647, "_timestamp": 1717551132.86247, "_runtime": 759.9766848087311, "_step": 300, "_wandb": {"runtime": 759}}