{"val_acc": 0.9041414260864258, "best_acc": 0.9449495077133179, "loss": 0.3333040475845337, "_timestamp": 1717920109.1093218, "_runtime": 897.6145899295807, "_step": 300, "_wandb": {"runtime": 897}}