{"val_acc": 0.5148999691009521, "best_acc": 0.5295000076293945, "_timestamp": 1712726049.7290728, "_runtime": 6671.627297878265, "_step": 319}