{"val_acc": 0.903499960899353, "best_acc": 0.9048999547958374, "loss": 0.2675074338912964, "_timestamp": 1714089039.2249105, "_runtime": 3749.9795904159546, "_step": 2000, "_wandb": {"runtime": 3749}}