{"val_acc": 0.9714999794960022, "best_acc": 0.9738999605178833, "loss": 0.09014207869768143, "_timestamp": 1718695974.4240856, "_runtime": 2908.6358885765076, "_step": 1000, "_wandb": {"runtime": 2907}}