{"val_acc": 0.6997999548912048, "best_acc": 0.7024999856948853, "_timestamp": 1712858650.0455499, "_runtime": 12983.4159989357, "_step": 1000, "_wandb": {"runtime": 12982}}