{"val_acc": 0.8247999548912048, "best_acc": 0.9300999641418457, "loss": 0.7240709066390991, "_timestamp": 1718317848.6827788, "_runtime": 2441.9538667201996, "_step": 1000, "_wandb": {"runtime": 2441}}