{"val_acc": 0.8296999931335449, "best_acc": 0.8721999526023865, "loss": 0.9655426740646362, "_timestamp": 1717529013.8180804, "_runtime": 731.2755935192108, "_step": 300, "_wandb": {"runtime": 730}}