{"val_acc": 0.9359999895095825, "best_acc": 0.9473999738693237, "loss": 0.3562864661216736, "_timestamp": 1718297505.773223, "_runtime": 2573.6800849437714, "_step": 1000, "_wandb": {"runtime": 2573}}