{"val_acc": 0.6085999608039856, "best_acc": 0.9178999662399292, "loss": 1.171230435371399, "_timestamp": 1718548257.9745736, "_runtime": 2415.205828666687, "_step": 1000, "_wandb": {"runtime": 2414}}