{"val_acc": 0.24789999425411224, "best_acc": 0.24789999425411224, "loss": 2.143244743347168, "_timestamp": 1713621120.077129, "_runtime": 185.62907695770264, "_step": 17}