{"val_acc": 0.8951515555381775, "best_acc": 0.9617171883583069, "loss": 0.3974364995956421, "_timestamp": 1717690287.993262, "_runtime": 821.0143270492554, "_step": 300, "_wandb": {"runtime": 820}}