{"val_acc": 0.15330000221729279, "best_acc": 0.15330000221729279, "loss": 2.291430711746216, "_timestamp": 1718350781.580481, "_runtime": 68.53350615501404, "_step": 0}