{"val_acc": 0.958899974822998, "best_acc": 0.9682999849319458, "loss": 0.14144544303417206, "_timestamp": 1717509480.0280316, "_runtime": 1374.6398725509644, "_step": 500, "_wandb": {"runtime": 1374}}