{"val_acc": 0.7239999771118164, "best_acc": 0.8379999995231628, "loss": 0.7775395512580872, "_timestamp": 1718709882.5769565, "_runtime": 75.09133052825928, "_step": 32}