{"val_acc": 0.81659996509552, "best_acc": 0.9217000007629395, "loss": 0.833466649055481, "_timestamp": 1718466157.8019326, "_runtime": 2788.968796491623, "_step": 1000, "_wandb": {"runtime": 2788}}