{"val_acc": 0.7346999645233154, "best_acc": 0.7493000030517578, "loss": 0.7973006367683411, "_timestamp": 1713486820.2315156, "_runtime": 12237.326050758362, "_step": 1000, "_wandb": {"runtime": 12236}}