{"val_acc": 0.7908999919891357, "best_acc": 0.8079999685287476, "loss": 0.6385514736175537, "_timestamp": 1713994294.4687274, "_runtime": 21088.671864271164, "_step": 2000, "_wandb": {"runtime": 21087}}