{"val_acc": 0.8054999709129333, "best_acc": 0.8054999709129333, "loss": 0.5250848531723022, "_timestamp": 1716702465.5172696, "_runtime": 364.55108165740967, "_step": 2}