{"val_acc": 0.10249999910593033, "best_acc": 0.10329999774694443, "loss": 2.30157208442688, "_timestamp": 1713052938.2146091, "_runtime": 93.42609524726868, "_step": 3}