{"val_acc": 0.10717172175645828, "best_acc": 0.8231313228607178, "loss": 1.9319950342178345, "_timestamp": 1717667720.6068, "_runtime": 748.035961151123, "_step": 300, "_wandb": {"runtime": 747}}