{"val_acc": 0.727400004863739, "best_acc": 0.7457000017166138, "loss": 0.9684422612190247, "_timestamp": 1716964374.3700066, "_runtime": 3386.623218536377, "_step": 46}