{"val_acc": 0.5083000063896179, "best_acc": 0.550599992275238, "_timestamp": 1712781103.6520374, "_runtime": 8849.355269432068, "_step": 500, "_wandb": {"runtime": 8848}}