{"val_acc": 0.9846999645233154, "best_acc": 0.9846999645233154, "loss": 0.04905857890844345, "_timestamp": 1716817114.4308498, "_runtime": 553.2856447696686, "_step": 163}