{"val_acc": 0.22929292917251587, "best_acc": 0.809798002243042, "loss": 1.8421766757965088, "_timestamp": 1717663171.9136207, "_runtime": 742.6956136226654, "_step": 300, "_wandb": {"runtime": 742}}