{"val_acc": 0.3570999801158905, "best_acc": 0.43869999051094055, "loss": 2.0487682819366455, "_timestamp": 1717120813.855801, "_runtime": 136.19056010246277, "_step": 1}