{"val_acc": 0.09699999541044235, "best_acc": 0.09699999541044235, "loss": 2.300477981567383, "_timestamp": 1716882062.7157662, "_runtime": 44.438411235809326, "_step": 16}