{"val_acc": 0.11699999868869781, "best_acc": 0.20329999923706055, "loss": 2.2895805835723877, "_timestamp": 1717456377.378268, "_runtime": 930.020546913147, "_step": 500, "_wandb": {"runtime": 929}}