{"val_acc": 0.9587000012397766, "best_acc": 0.9682999849319458, "loss": 0.15585166215896606, "_timestamp": 1717497313.1297195, "_runtime": 1409.7178845405579, "_step": 500, "_wandb": {"runtime": 1409}}