{"val_acc": 0.9751999974250793, "best_acc": 0.9815999865531921, "loss": 0.07816826552152634, "_timestamp": 1716185007.910321, "_runtime": 4469.368460893631, "_step": 229}