{"val_acc": 0.937999963760376, "best_acc": 0.937999963760376, "loss": 0.2278679609298706, "_timestamp": 1726111183.4001539, "_runtime": 9501.305612802505, "_step": 273}