{"val_acc": 0.38850000500679016, "best_acc": 0.8822000026702881, "loss": 1.5516127347946167, "_timestamp": 1718545831.7444303, "_runtime": 2412.2856023311615, "_step": 1000, "_wandb": {"runtime": 2411}}