{"val_acc": 0.10080000013113022, "best_acc": 0.10080000013113022, "loss": 2.3024721145629883, "_timestamp": 1713427348.4656374, "_runtime": 14.18377947807312, "_step": 0}