{"val_acc": 0.7001000046730042, "best_acc": 0.8958999514579773, "loss": 1.0700942277908325, "_timestamp": 1717520505.4162905, "_runtime": 750.6706025600433, "_step": 300, "_wandb": {"runtime": 750}}