{"val_acc": 0.9156000018119812, "best_acc": 0.9157999753952026, "loss": 0.29752787947654724, "_timestamp": 1726147495.16113, "_runtime": 1027.7059500217438, "_step": 500, "_wandb": {"runtime": 1027}}