{"val_acc": 0.9571999907493591, "best_acc": 0.9614999890327454, "loss": 0.13792569935321808, "_timestamp": 1716355239.1146543, "_runtime": 191.7770082950592, "_step": 23}