{"val_acc": 0.8852999806404114, "best_acc": 0.8950999975204468, "loss": 0.456973135471344, "_timestamp": 1726505414.8657174, "_runtime": 14535.82914352417, "_step": 500, "_wandb": {"runtime": 14535}}