{"val_acc": 0.7299999594688416, "best_acc": 0.7490999698638916, "loss": 1.057580590248108, "_timestamp": 1716007482.7531838, "_runtime": 31165.297383785248, "_step": 2000, "_wandb": {"runtime": 31164}}