{"val_acc": 0.5153999924659729, "best_acc": 0.5455999970436096, "loss": 1.3553760051727295, "_timestamp": 1713312722.3213897, "_runtime": 3503.7097446918488, "_step": 175}