{"val_acc": 0.965399980545044, "best_acc": 0.9681999683380127, "loss": 0.1281600147485733, "_timestamp": 1716880862.5542135, "_runtime": 1397.4472024440765, "_step": 500, "_wandb": {"runtime": 1396}}