{"val_acc": 0.9446464776992798, "best_acc": 0.965656578540802, "loss": 0.25111234188079834, "_timestamp": 1717842379.3939073, "_runtime": 811.4899203777313, "_step": 300, "_wandb": {"runtime": 810}}