{"val_acc": 0.8373737335205078, "best_acc": 0.9583838582038879, "loss": 0.49532005190849304, "_timestamp": 1717777825.569507, "_runtime": 825.2208409309387, "_step": 300, "_wandb": {"runtime": 824}}