{"val_acc": 0.91839998960495, "best_acc": 0.9571999907493591, "loss": 0.29293420910835266, "_timestamp": 1716879246.0271792, "_runtime": 1327.2256112098694, "_step": 500, "_wandb": {"runtime": 1326}}