{"val_acc": 0.5162999629974365, "best_acc": 0.5497999787330627, "_timestamp": 1712763179.7435873, "_runtime": 8792.863074302673, "_step": 500, "_wandb": {"runtime": 8792}}