{"val_acc": 0.19353535771369934, "best_acc": 0.19353535771369934, "loss": 2.28771710395813, "_timestamp": 1718347635.939924, "_runtime": 36.3305230140686, "_step": 0}