{"val_acc": 0.957878828048706, "best_acc": 0.963737428188324, "loss": 0.15381677448749542, "_timestamp": 1717808934.7615526, "_runtime": 1269.6593375205994, "_step": 300, "_wandb": {"runtime": 1268}}