{"val_acc": 0.6854000091552734, "best_acc": 0.6977999806404114, "_timestamp": 1712885298.6553319, "_runtime": 13674.51494383812, "_step": 1000, "_wandb": {"runtime": 13674}}