{"val_acc": 0.8458999991416931, "best_acc": 0.8758999705314636, "loss": 0.5954992771148682, "_timestamp": 1726164601.5330374, "_runtime": 17097.717945337296, "_step": 500, "_wandb": {"runtime": 17097}}