{"val_acc": 0.9059000015258789, "best_acc": 0.9108999967575073, "loss": 0.3229310214519501, "_timestamp": 1715837101.5080962, "_runtime": 2149.063739299774, "_step": 179, "_wandb": {"runtime": 2158}}