{"val_acc": 0.7548484802246094, "best_acc": 0.9166666865348816, "loss": 1.1823301315307617, "_timestamp": 1717630888.3790917, "_runtime": 791.0417947769165, "_step": 300, "_wandb": {"runtime": 790}}