{"val_acc": 0.9678999781608582, "best_acc": 0.9800999760627747, "loss": 0.1204908937215805, "_timestamp": 1717121285.3803835, "_runtime": 5872.349960565567, "_step": 2000, "_wandb": {"runtime": 5871}}