{"val_acc": 0.4060606062412262, "best_acc": 0.8567677140235901, "loss": 1.5445996522903442, "_timestamp": 1717719411.197313, "_runtime": 737.5128560066223, "_step": 300, "_wandb": {"runtime": 736}}