{"val_acc": 0.6822222471237183, "best_acc": 0.9608080983161926, "loss": 0.9154364466667175, "_timestamp": 1717911054.2530715, "_runtime": 815.128767490387, "_step": 300, "_wandb": {"runtime": 814}}