{"val_acc": 0.9441999793052673, "best_acc": 0.9546999931335449, "loss": 0.21583876013755798, "_timestamp": 1717824774.6075935, "_runtime": 1226.663334608078, "_step": 300, "_wandb": {"runtime": 1225}}