{"val_acc": 0.21389999985694885, "best_acc": 0.22299998998641968, "loss": 2.104278564453125, "_timestamp": 1713616690.8472097, "_runtime": 208.0421597957611, "_step": 19}