{"val_acc": 0.7669697403907776, "best_acc": 0.9132323265075684, "loss": 1.1281992197036743, "_timestamp": 1717646905.5492828, "_runtime": 782.9624319076538, "_step": 300, "_wandb": {"runtime": 782}}