{"val_acc": 0.8375999927520752, "best_acc": 0.9009999632835388, "loss": 1.1129177808761597, "_timestamp": 1717544187.885818, "_runtime": 761.0599460601807, "_step": 300, "_wandb": {"runtime": 760}}