{"val_acc": 0.9830999970436096, "best_acc": 0.98499995470047, "loss": 0.04980669170618057, "_timestamp": 1716810091.2761607, "_runtime": 3226.641446828842, "_step": 1000, "_wandb": {"runtime": 3225}}