{"val_acc": 0.8298999667167664, "best_acc": 0.918999969959259, "loss": 1.0171418190002441, "_timestamp": 1717550360.6163077, "_runtime": 762.5733997821808, "_step": 300, "_wandb": {"runtime": 761}}