{"val_acc": 0.9549999833106995, "best_acc": 0.9637999534606934, "loss": 0.19406738877296448, "_timestamp": 1716392015.0163975, "_runtime": 1702.9367835521698, "_step": 200, "_wandb": {"runtime": 1702}}