{"val_acc": 0.9144444465637207, "best_acc": 0.9611111283302307, "loss": 0.30153241753578186, "_timestamp": 1717676347.845413, "_runtime": 835.5165870189667, "_step": 300, "_wandb": {"runtime": 834}}