{"val_acc": 0.22100000083446503, "best_acc": 0.22100000083446503, "loss": 2.240511178970337, "_timestamp": 1713161043.687235, "_runtime": 264.44509506225586, "_step": 14, "_wandb": {"runtime": 282}}