{"val_acc": 0.11349999904632568, "best_acc": 0.6998999714851379, "loss": 2.302579402923584, "_timestamp": 1716825267.0340707, "_runtime": 2688.1560628414154, "_step": 1000, "_wandb": {"runtime": 2687}}