{"val_acc": 0.9271000027656555, "best_acc": 0.9352999925613403, "loss": 0.33546680212020874, "_timestamp": 1718553389.4937785, "_runtime": 2556.643944501877, "_step": 1000, "_wandb": {"runtime": 2555}}