{"val_acc": 0.5328282713890076, "best_acc": 0.7281818389892578, "loss": 1.3098498582839966, "_timestamp": 1717751831.3951056, "_runtime": 1158.6109266281128, "_step": 300, "_wandb": {"runtime": 1157}}