{"val_acc": 0.9497999548912048, "best_acc": 0.958899974822998, "loss": 0.1791239082813263, "_timestamp": 1716790771.7275739, "_runtime": 1727.893513917923, "_step": 200, "_wandb": {"runtime": 1727}}