{"val_acc": 0.21799999475479126, "best_acc": 0.25609999895095825, "loss": 2.036468982696533, "_timestamp": 1713716754.2544236, "_runtime": 12432.093259572983, "_step": 1000, "_wandb": {"runtime": 12431}}