{"val_acc": 0.8832323551177979, "best_acc": 0.963737428188324, "loss": 0.2715248465538025, "_timestamp": 1717704714.0069504, "_runtime": 782.2439243793488, "_step": 300, "_wandb": {"runtime": 781}}