{"val_acc": 0.2350505143404007, "best_acc": 0.8293939828872681, "loss": 2.0929267406463623, "_timestamp": 1717664694.7663617, "_runtime": 748.376428604126, "_step": 300, "_wandb": {"runtime": 747}}