{"val_acc": 0.9108999967575073, "best_acc": 0.9351999759674072, "loss": 0.44483503699302673, "_timestamp": 1717527515.3513923, "_runtime": 777.3146512508392, "_step": 300, "_wandb": {"runtime": 776}}