{"val_acc": 0.7479798197746277, "best_acc": 0.9024242758750916, "loss": 0.7002660036087036, "_timestamp": 1717817962.3528872, "_runtime": 1248.8777272701263, "_step": 300, "_wandb": {"runtime": 1248}}