{"val_acc": 0.934646487236023, "best_acc": 0.9640404582023621, "loss": 0.22670859098434448, "_timestamp": 1717700679.7295756, "_runtime": 812.7097976207733, "_step": 300, "_wandb": {"runtime": 812}}