{"val_acc": 0.7900999784469604, "best_acc": 0.7900999784469604, "loss": 0.7733408808708191, "_timestamp": 1716097889.8681588, "_runtime": 60.902461767196655, "_step": 2}