{"val_acc": 0.9565999507904053, "best_acc": 0.9629999995231628, "loss": 0.14480040967464447, "_timestamp": 1714772954.438695, "_runtime": 29403.10321187973, "_step": 2000, "_wandb": {"runtime": 29402}}