{"val_acc": 0.9172999858856201, "best_acc": 0.9599999785423279, "loss": 0.2986641228199005, "_timestamp": 1717578341.2754207, "_runtime": 798.1213376522064, "_step": 300, "_wandb": {"runtime": 797}}