{"val_acc": 0.7846999764442444, "best_acc": 0.7975999712944031, "loss": 0.6933882832527161, "_timestamp": 1713070820.0435624, "_runtime": 9588.69282746315, "_step": 1000, "_wandb": {"runtime": 9588}}