{"val_acc": 0.8628999590873718, "best_acc": 0.8840999603271484, "loss": 0.4974350333213806, "_timestamp": 1726544708.4451272, "_runtime": 2768.5938682556152, "_step": 500, "_wandb": {"runtime": 2767}}