{"val_acc": 0.9724999666213989, "best_acc": 0.9728999733924866, "loss": 0.09992853552103043, "_timestamp": 1718463358.9642, "_runtime": 2696.5901210308075, "_step": 1000, "_wandb": {"runtime": 2695}}