{"val_acc": 0.8757575750350952, "best_acc": 0.9242424368858337, "loss": 0.5192931294441223, "_timestamp": 1717937868.113468, "_runtime": 742.2457530498505, "_step": 300, "_wandb": {"runtime": 741}}