{"val_acc": 0.9702000021934509, "best_acc": 0.9715999960899353, "loss": 0.1159256175160408, "_timestamp": 1716876543.8589363, "_runtime": 1450.4979062080383, "_step": 500, "_wandb": {"runtime": 1449}}