{"val_acc": 0.10929999500513077, "best_acc": 0.7249999642372131, "loss": 2.135683059692383, "_timestamp": 1717600109.7781897, "_runtime": 712.574366569519, "_step": 300, "_wandb": {"runtime": 711}}