{"val_acc": 0.3057999908924103, "best_acc": 0.7336999773979187, "loss": 1.8943318128585815, "_timestamp": 1713931322.3679528, "_runtime": 21079.519707918167, "_step": 2000, "_wandb": {"runtime": 21078}}