{"val_acc": 0.9554999470710754, "best_acc": 0.9566999673843384, "loss": 0.14997494220733643, "_timestamp": 1726364261.423317, "_runtime": 988.1707060337067, "_step": 500, "_wandb": {"runtime": 987}}