{"val_acc": 0.8014999628067017, "best_acc": 0.9160999655723572, "loss": 0.6893242597579956, "_timestamp": 1717859736.9845486, "_runtime": 1208.6398766040802, "_step": 300, "_wandb": {"runtime": 1207}}