{"val_acc": 0.9853000044822693, "best_acc": 0.9881999492645264, "loss": 0.0448327511548996, "_timestamp": 1716813315.7131321, "_runtime": 3215.632162094116, "_step": 1000, "_wandb": {"runtime": 3214}}