{"val_acc": 0.812999963760376, "best_acc": 0.8800999522209167, "loss": 1.2074674367904663, "_timestamp": 1717556396.3544962, "_runtime": 728.6981041431427, "_step": 300, "_wandb": {"runtime": 728}}