{"val_acc": 0.7967677116394043, "best_acc": 0.9430303573608398, "loss": 0.6600823402404785, "_timestamp": 1717646115.5054734, "_runtime": 792.7077133655548, "_step": 300, "_wandb": {"runtime": 792}}