{"val_acc": 0.8370707035064697, "best_acc": 0.9500000476837158, "loss": 0.4685555398464203, "_timestamp": 1717901562.7363722, "_runtime": 861.3638043403625, "_step": 300, "_wandb": {"runtime": 860}}