{"val_acc": 0.3279999792575836, "best_acc": 0.33959999680519104, "loss": 1.8902497291564941, "_timestamp": 1713694522.9106154, "_runtime": 11547.104830503464, "_step": 1000, "_wandb": {"runtime": 11546}}