{"val_acc": 0.8507071137428284, "best_acc": 0.9257575869560242, "loss": 0.5944814085960388, "_timestamp": 1717936368.812737, "_runtime": 737.4576089382172, "_step": 300, "_wandb": {"runtime": 736}}