{"val_acc": 0.1216999962925911, "best_acc": 0.668999969959259, "loss": 2.0998785495758057, "_timestamp": 1717595756.418277, "_runtime": 766.334370136261, "_step": 300, "_wandb": {"runtime": 765}}