{"val_acc": 0.7558000087738037, "best_acc": 0.9405999779701233, "loss": 0.7705016136169434, "_timestamp": 1717585465.851789, "_runtime": 798.984678030014, "_step": 300, "_wandb": {"runtime": 798}}