{"val_acc": 0.8419192433357239, "best_acc": 0.9342424273490906, "loss": 0.6041317582130432, "_timestamp": 1717697518.4232101, "_runtime": 782.118833065033, "_step": 300, "_wandb": {"runtime": 781}}