{"val_acc": 0.7821999788284302, "best_acc": 0.9291999936103821, "loss": 0.7954170107841492, "_timestamp": 1718320300.9324946, "_runtime": 2443.843287706375, "_step": 1000, "_wandb": {"runtime": 2443}}