{"val_acc": 0.48659998178482056, "best_acc": 0.5471999645233154, "_timestamp": 1712790034.545583, "_runtime": 8921.91719007492, "_step": 500, "_wandb": {"runtime": 8921}}