{"val_acc": 0.4156999886035919, "best_acc": 0.4156999886035919, "loss": 1.609627366065979, "_timestamp": 1713655173.2305927, "_runtime": 1022.586505651474, "_step": 95}