{"val_acc": 0.796999990940094, "best_acc": 0.8014999628067017, "loss": 0.7527602910995483, "_timestamp": 1713090182.9149926, "_runtime": 9649.499971628189, "_step": 1000, "_wandb": {"runtime": 9648}}