{"val_acc": 0.37700000405311584, "best_acc": 0.37700000405311584, "loss": 2.0589895248413086, "_timestamp": 1717840196.203278, "_runtime": 13.500638008117676, "_step": 1}