{"val_acc": 0.6089000105857849, "best_acc": 0.7089999914169312, "loss": 1.1408989429473877, "_timestamp": 1717733899.1790452, "_runtime": 775.8989722728729, "_step": 300, "_wandb": {"runtime": 775}}