{"val_acc": 0.8253999948501587, "best_acc": 0.9335999488830566, "loss": 0.5076543092727661, "_timestamp": 1717856044.9941292, "_runtime": 1160.6878881454468, "_step": 300, "_wandb": {"runtime": 1160}}