{"val_acc": 0.7289999723434448, "best_acc": 0.8482999801635742, "loss": 0.7773996591567993, "_timestamp": 1717484910.2630317, "_runtime": 58.36807370185852, "_step": 17}