{"val_acc": 0.40959596633911133, "best_acc": 0.40959596633911133, "loss": 2.198397636413574, "_timestamp": 1717898896.5606008, "_runtime": 23.2337908744812, "_step": 5}