{"val_acc": 0.8966999650001526, "best_acc": 0.9161999821662903, "loss": 0.8100326061248779, "_timestamp": 1716860378.5849814, "_runtime": 844.7453365325928, "_step": 57, "_wandb": {"runtime": 863}}