{"val_acc": 0.8394999504089355, "best_acc": 0.9456999897956848, "loss": 0.7862354516983032, "_timestamp": 1717562502.5758698, "_runtime": 894.6968328952789, "_step": 300, "_wandb": {"runtime": 894}}