{"val_acc": 0.9441999793052673, "best_acc": 0.9524999856948853, "loss": 0.2366659790277481, "_timestamp": 1716443952.3803248, "_runtime": 5888.683285951614, "_step": 200, "_wandb": {"runtime": 5887}}