{"val_acc": 0.876868724822998, "best_acc": 0.9478788375854492, "loss": 0.839400589466095, "_timestamp": 1717921013.8319135, "_runtime": 894.8055715560913, "_step": 300, "_wandb": {"runtime": 894}}