{"val_acc": 0.9492929577827454, "best_acc": 0.9605050683021545, "loss": 0.20872317254543304, "_timestamp": 1717778672.1845474, "_runtime": 836.005288362503, "_step": 300, "_wandb": {"runtime": 835}}