{"val_acc": 0.9340404272079468, "best_acc": 0.9633333683013916, "loss": 0.29865342378616333, "_timestamp": 1717773644.5494678, "_runtime": 827.9216458797455, "_step": 300, "_wandb": {"runtime": 827}}