{"val_acc": 0.24609999358654022, "best_acc": 0.2727999985218048, "loss": 2.02388334274292, "_timestamp": 1713337358.795945, "_runtime": 613.8395969867706, "_step": 28}