{"val_acc": 0.9536999464035034, "best_acc": 0.9650999903678894, "loss": 0.1919112503528595, "_timestamp": 1716408884.0197604, "_runtime": 2334.1047234535217, "_step": 200, "_wandb": {"runtime": 2333}}