{"val_acc": 0.5127999782562256, "best_acc": 0.9107999801635742, "loss": 1.3776752948760986, "_timestamp": 1718586220.9237337, "_runtime": 2685.5981497764587, "_step": 1000, "_wandb": {"runtime": 2684}}