{"val_acc": 0.7649495005607605, "best_acc": 0.9303030371665955, "loss": 0.7027157545089722, "_timestamp": 1717388422.981871, "_runtime": 1190.8133130073547, "_step": 300, "_wandb": {"runtime": 1190}}