{"val_acc": 0.8869999647140503, "best_acc": 0.9412999749183655, "loss": 0.4315360188484192, "_timestamp": 1718302674.036941, "_runtime": 2543.885234117508, "_step": 1000, "_wandb": {"runtime": 2543}}