{"val_acc": 0.6009091138839722, "best_acc": 0.7011111378669739, "loss": 1.0981119871139526, "_timestamp": 1717748146.5766537, "_runtime": 1242.7314896583557, "_step": 300, "_wandb": {"runtime": 1241}}