{"val_acc": 0.9164999723434448, "best_acc": 0.9423999786376953, "loss": 0.5018463730812073, "_timestamp": 1716896495.8083882, "_runtime": 5197.125533342361, "_step": 310}