{"val_acc": 0.88919997215271, "best_acc": 0.9554999470710754, "loss": 0.3948919177055359, "_timestamp": 1717575063.3525681, "_runtime": 865.6440210342407, "_step": 300, "_wandb": {"runtime": 864}}