{"val_acc": 0.9605000019073486, "best_acc": 0.9652999639511108, "loss": 0.1392366886138916, "_timestamp": 1716353925.9173877, "_runtime": 2698.9453427791595, "_step": 305, "_wandb": {"runtime": 2699}}