{"val_acc": 0.9554999470710754, "best_acc": 0.9668999910354614, "loss": 0.21734364330768585, "_timestamp": 1716370776.3397079, "_runtime": 2977.220687866211, "_step": 500, "_wandb": {"runtime": 2976}}