{"val_acc": 0.8344444632530212, "best_acc": 0.9273737668991089, "loss": 0.6016718745231628, "_timestamp": 1717940874.9285889, "_runtime": 739.1207768917084, "_step": 300, "_wandb": {"runtime": 738}}