{"val_acc": 0.698199987411499, "best_acc": 0.7053999900817871, "_timestamp": 1712845656.5137482, "_runtime": 13565.664161205292, "_step": 1000, "_wandb": {"runtime": 13565}}