{"val_acc": 0.8340404033660889, "best_acc": 0.931313157081604, "loss": 0.6322102546691895, "_timestamp": 1717684674.5726953, "_runtime": 781.9605593681335, "_step": 300, "_wandb": {"runtime": 781}}