{"val_acc": 0.2043999880552292, "best_acc": 0.2498999983072281, "loss": 2.1603569984436035, "_timestamp": 1713161642.549451, "_runtime": 360.33155512809753, "_step": 21, "_wandb": {"runtime": 377}}