{"val_acc": 0.6703030467033386, "best_acc": 0.7846465110778809, "loss": 2.0605502128601074, "_timestamp": 1717654746.96919, "_runtime": 762.8106107711792, "_step": 300, "_wandb": {"runtime": 762}}