{"val_acc": 0.9537999629974365, "best_acc": 0.9679999947547913, "loss": 0.17696280777454376, "_timestamp": 1717488041.9393938, "_runtime": 1436.8700816631317, "_step": 500, "_wandb": {"runtime": 1436}}