{"val_acc": 0.6936999559402466, "best_acc": 0.7120999693870544, "_timestamp": 1712898895.1546247, "_runtime": 13578.017449617386, "_step": 1000, "_wandb": {"runtime": 13577}}