{"val_acc": 0.9337373971939087, "best_acc": 0.9672727584838867, "loss": 0.259784996509552, "_timestamp": 1717391261.4665034, "_runtime": 826.797197341919, "_step": 300, "_wandb": {"runtime": 826}}