{"val_acc": 0.34199997782707214, "best_acc": 0.5959999561309814, "loss": 2.0627198219299316, "_timestamp": 1717109403.2580612, "_runtime": 34578.910137176514, "_step": 500, "_wandb": {"runtime": 34578}}