{"val_acc": 0.3684999942779541, "best_acc": 0.4000999927520752, "loss": 1.7291886806488037, "_timestamp": 1716765800.5541327, "_runtime": 34154.93851161003, "_step": 794}