{"val_acc": 0.9580999612808228, "best_acc": 0.9634999632835388, "loss": 0.15919725596904755, "_timestamp": 1717582717.1200712, "_runtime": 850.5839202404022, "_step": 300, "_wandb": {"runtime": 849}}