{"val_acc": 0.9004040956497192, "best_acc": 0.9605050683021545, "loss": 0.37664809823036194, "_timestamp": 1717847490.0768492, "_runtime": 842.048412322998, "_step": 300, "_wandb": {"runtime": 841}}