{"val_acc": 0.5672000050544739, "best_acc": 0.9160999655723572, "loss": 1.4137319326400757, "_timestamp": 1718533050.133911, "_runtime": 2419.2903130054474, "_step": 1000, "_wandb": {"runtime": 2418}}