{"val_acc": 0.9619192481040955, "best_acc": 0.962020218372345, "loss": 0.13282650709152222, "_timestamp": 1717845740.3098361, "_runtime": 862.0449590682983, "_step": 300, "_wandb": {"runtime": 861}}