{"val_acc": 0.9333333373069763, "best_acc": 0.9605050683021545, "loss": 0.31075188517570496, "_timestamp": 1717811453.9934192, "_runtime": 1251.1280362606049, "_step": 300, "_wandb": {"runtime": 1250}}