{"val_acc": 0.9262999892234802, "best_acc": 0.9473999738693237, "loss": 0.3507802188396454, "_timestamp": 1716883624.64965, "_runtime": 1398.4096331596375, "_step": 500, "_wandb": {"runtime": 1397}}