{"val_acc": 0.8810999989509583, "best_acc": 0.9230999946594238, "loss": 0.4690084457397461, "_timestamp": 1717379984.702876, "_runtime": 1230.568521976471, "_step": 300, "_wandb": {"runtime": 1229}}