{"val_acc": 0.7708999514579773, "best_acc": 0.9050999879837036, "loss": 1.1730763912200928, "_timestamp": 1717532776.7896678, "_runtime": 698.9237408638, "_step": 300, "_wandb": {"runtime": 698}}