{"val_acc": 0.4447000026702881, "best_acc": 0.906499981880188, "loss": 1.2529460191726685, "_timestamp": 1717896825.7156498, "_runtime": 715.613826751709, "_step": 300, "_wandb": {"runtime": 715}}