{"val_acc": 0.7415151596069336, "best_acc": 0.9191919565200806, "loss": 0.9416724443435669, "_timestamp": 1717942376.9556117, "_runtime": 739.6869587898254, "_step": 300, "_wandb": {"runtime": 739}}