{"val_acc": 0.9041000008583069, "best_acc": 0.9548999667167664, "loss": 0.3258991837501526, "_timestamp": 1718523216.3223357, "_runtime": 2914.297447681427, "_step": 1000, "_wandb": {"runtime": 2913}}