{"val_acc": 0.8657000064849854, "best_acc": 0.948199987411499, "loss": 0.413973331451416, "_timestamp": 1716871242.9345956, "_runtime": 1556.182761669159, "_step": 500, "_wandb": {"runtime": 1555}}