{"val_acc": 0.9593939781188965, "best_acc": 0.9655556082725525, "loss": 0.14796856045722961, "_timestamp": 1718437567.596613, "_runtime": 4013.636622905731, "_step": 1000, "_wandb": {"runtime": 4012}}