{"val_acc": 0.5324999690055847, "best_acc": 0.5324999690055847, "loss": 2.097301959991455, "_timestamp": 1716383701.6972394, "_runtime": 6.891983509063721, "_step": 0, "_wandb": {"runtime": 7}}