{"val_acc": 0.9056565761566162, "best_acc": 0.9674747586250305, "loss": 0.29249855875968933, "_timestamp": 1717469784.0098217, "_runtime": 1465.3876645565033, "_step": 500, "_wandb": {"runtime": 1464}}