{"val_acc": 0.9063636660575867, "best_acc": 0.9524242877960205, "loss": 0.40530505776405334, "_timestamp": 1717917388.3204958, "_runtime": 892.4380357265472, "_step": 300, "_wandb": {"runtime": 891}}