{"val_acc": 0.17899999022483826, "best_acc": 0.3211999833583832, "loss": 2.2775044441223145, "_timestamp": 1726146205.9932115, "_runtime": 10357.699981451035, "_step": 300, "_wandb": {"runtime": 10382}}