{"val_acc": 0.8005051016807556, "best_acc": 0.9235354065895081, "loss": 0.6238875389099121, "_timestamp": 1717699850.2878458, "_runtime": 770.3035519123077, "_step": 300, "_wandb": {"runtime": 769}}