{"val_acc": 0.9547999501228333, "best_acc": 0.9632999897003174, "loss": 0.18295066058635712, "_timestamp": 1716869675.354566, "_runtime": 1589.8212831020355, "_step": 500, "_wandb": {"runtime": 1589}}