{"val_acc": 0.9550999999046326, "best_acc": 0.9550999999046326, "loss": 0.3063642978668213, "_timestamp": 1718346051.314642, "_runtime": 4612.185072898865, "_step": 1000, "_wandb": {"runtime": 4611}}