{"val_acc": 0.9501010179519653, "best_acc": 0.9609091281890869, "loss": 0.21703512966632843, "_timestamp": 1717924423.9154477, "_runtime": 828.6822488307953, "_step": 300, "_wandb": {"runtime": 827}}