{"val_acc": 0.4650999903678894, "best_acc": 0.47269999980926514, "loss": 1.4927536249160767, "_timestamp": 1713585239.3111258, "_runtime": 1193.721305847168, "_step": 128}