{"val_acc": 0.09699999541044235, "best_acc": 0.09699999541044235, "loss": 2.300477981567383, "_timestamp": 1716881864.4799542, "_runtime": 27.903700351715088, "_step": 0}