{"val_acc": 0.49212121963500977, "best_acc": 0.49212121963500977, "loss": 2.2203831672668457, "_timestamp": 1717223712.3168166, "_runtime": 640.552693605423, "_step": 0}