{"val_acc": 0.9317999482154846, "best_acc": 0.9656999707221985, "loss": 0.22245019674301147, "_timestamp": 1718457479.4776618, "_runtime": 3964.8918278217316, "_step": 1000, "_wandb": {"runtime": 3964}}