{"val_acc": 0.9605000019073486, "best_acc": 0.9688999652862549, "loss": 0.16607962548732758, "_timestamp": 1716364849.444619, "_runtime": 2947.1692090034485, "_step": 500, "_wandb": {"runtime": 2946}}