{"val_acc": 0.9540404081344604, "best_acc": 0.9632323384284973, "loss": 0.1764085292816162, "_timestamp": 1717709325.838784, "_runtime": 752.1805510520935, "_step": 300, "_wandb": {"runtime": 751}}