{"val_acc": 0.9591999650001526, "best_acc": 0.9667999744415283, "loss": 0.19306530058383942, "_timestamp": 1718340042.0985742, "_runtime": 2404.256336212158, "_step": 1000, "_wandb": {"runtime": 2403}}