{"val_acc": 0.9529293179512024, "best_acc": 0.9603030681610107, "loss": 0.19165796041488647, "_timestamp": 1717653203.410238, "_runtime": 761.9034769535065, "_step": 300, "_wandb": {"runtime": 761}}