{"val_acc": 0.8721212148666382, "best_acc": 0.9590909481048584, "loss": 0.37884506583213806, "_timestamp": 1717711558.8511372, "_runtime": 733.7731821537018, "_step": 300, "_wandb": {"runtime": 733}}