{"val_acc": 0.8252999782562256, "best_acc": 0.9259999990463257, "loss": 0.6125113368034363, "_timestamp": 1717500102.0166588, "_runtime": 1341.5849788188934, "_step": 500, "_wandb": {"runtime": 1340}}