{"val_acc": 0.9274999499320984, "best_acc": 0.9576999545097351, "loss": 0.2759717106819153, "_timestamp": 1718330413.3953972, "_runtime": 2493.674077272415, "_step": 1000, "_wandb": {"runtime": 2492}}