{"val_acc": 0.5113131403923035, "best_acc": 0.7271717190742493, "loss": 1.2366888523101807, "_timestamp": 1717755338.2726676, "_runtime": 1148.6673836708069, "_step": 300, "_wandb": {"runtime": 1148}}