{"val_acc": 0.8183000087738037, "best_acc": 0.9414999485015869, "loss": 0.6587699055671692, "_timestamp": 1717885832.3481803, "_runtime": 770.7394983768463, "_step": 300, "_wandb": {"runtime": 770}}