{"val_acc": 0.9466999769210815, "best_acc": 0.9537999629974365, "loss": 0.18362414836883545, "_timestamp": 1716819245.183556, "_runtime": 1734.5914101600647, "_step": 500, "_wandb": {"runtime": 1733}}