{"val_acc": 0.13759998977184296, "best_acc": 0.1630999892950058, "loss": 2.3025686740875244, "_timestamp": 1716037124.6997786, "_runtime": 29628.884335517883, "_step": 2000, "_wandb": {"runtime": 29628}}