{"val_acc": 0.8858585953712463, "best_acc": 0.9291919469833374, "loss": 0.503531813621521, "_timestamp": 1717638120.1031015, "_runtime": 794.159458398819, "_step": 300, "_wandb": {"runtime": 793}}