{"val_acc": 0.7818999886512756, "best_acc": 0.791700005531311, "loss": 0.6621181964874268, "_timestamp": 1713580801.2794473, "_runtime": 12671.589728355408, "_step": 811}