{"val_acc": 0.9205999970436096, "best_acc": 0.9502999782562256, "loss": 0.33673354983329773, "_timestamp": 1717534340.1992855, "_runtime": 762.8549475669861, "_step": 300, "_wandb": {"runtime": 762}}