{"val_acc": 0.8032999634742737, "best_acc": 0.9229999780654907, "loss": 0.9371320009231567, "_timestamp": 1716906359.2660975, "_runtime": 9806.043305635452, "_step": 271}