{"val_acc": 0.7227999567985535, "best_acc": 0.7401999831199646, "loss": 0.8345340490341187, "_timestamp": 1713427290.4366877, "_runtime": 14453.689060688019, "_step": 931}