{"val_acc": 0.7998999953269958, "best_acc": 0.840999960899353, "loss": 0.7732992172241211, "_timestamp": 1726135838.2261405, "_runtime": 1034.7907874584198, "_step": 500, "_wandb": {"runtime": 1034}}