{"val_acc": 0.40292930603027344, "best_acc": 0.597777783870697, "loss": 1.4227797985076904, "_timestamp": 1717754179.618156, "_runtime": 1150.96612906456, "_step": 300, "_wandb": {"runtime": 1150}}