{"val_acc": 0.6894999742507935, "best_acc": 0.7226999998092651, "loss": 1.19514799118042, "_timestamp": 1718519613.630277, "_runtime": 263.6645109653473, "_step": 5}