{"val_acc": 0.9801999926567078, "best_acc": 0.9819999933242798, "loss": 0.0590980164706707, "_timestamp": 1716819324.1056445, "_runtime": 3371.472304582596, "_step": 1000, "_wandb": {"runtime": 3370}}