{"val_acc": 0.49629998207092285, "_timestamp": 1712719172.6070733, "_runtime": 6545.092216253281, "_step": 291}