{"val_acc": 0.8657575845718384, "best_acc": 0.9584848880767822, "loss": 0.4161933362483978, "_timestamp": 1717691104.4349537, "_runtime": 806.3153796195984, "_step": 300, "_wandb": {"runtime": 805}}