{"val_acc": 0.9540404081344604, "best_acc": 0.9636363983154297, "loss": 0.2146333009004593, "_timestamp": 1717843210.2569702, "_runtime": 813.5377380847931, "_step": 300, "_wandb": {"runtime": 812}}