{"val_acc": 0.9306060671806335, "best_acc": 0.9609091281890869, "loss": 0.24729911983013153, "_timestamp": 1717782890.4960752, "_runtime": 833.5622792243958, "_step": 300, "_wandb": {"runtime": 832}}