{"val_acc": 0.10319999605417252, "best_acc": 0.18389999866485596, "loss": 2.303180694580078, "_timestamp": 1726111895.7757893, "_runtime": 647.5055162906647, "_step": 18}