{"val_acc": 0.8519999980926514, "best_acc": 0.9354999661445618, "loss": 0.4767357409000397, "_timestamp": 1717832320.8116188, "_runtime": 1234.4937937259674, "_step": 300, "_wandb": {"runtime": 1233}}