{"val_acc": 0.9619192481040955, "best_acc": 0.9634343981742859, "loss": 0.16160306334495544, "_timestamp": 1717653972.6587582, "_runtime": 761.2575402259827, "_step": 300, "_wandb": {"runtime": 760}}