{"val_acc": 0.8804000020027161, "best_acc": 0.9086999893188477, "loss": 0.92340487241745, "_timestamp": 1717211492.7216246, "_runtime": 9025.817204713821, "_step": 300, "_wandb": {"runtime": 9025}}