{"val_acc": 0.8950999975204468, "best_acc": 0.9314999580383301, "loss": 0.40554189682006836, "_timestamp": 1717494352.6771793, "_runtime": 761.5115864276886, "_step": 287}