{"val_acc": 0.7746464610099792, "best_acc": 0.9034343957901001, "loss": 0.8261523246765137, "_timestamp": 1717655509.4947948, "_runtime": 751.4298119544983, "_step": 300, "_wandb": {"runtime": 750}}