{"val_acc": 0.9273737668991089, "best_acc": 0.9529293179512024, "loss": 0.695168673992157, "_timestamp": 1717899818.1801121, "_runtime": 889.8052492141724, "_step": 300, "_wandb": {"runtime": 888}}