{"val_acc": 0.833899974822998, "best_acc": 0.9461999535560608, "loss": 0.4865237772464752, "_timestamp": 1717831078.4688666, "_runtime": 1276.274397611618, "_step": 300, "_wandb": {"runtime": 1275}}