{"val_acc": 0.9328999519348145, "best_acc": 0.9569000005722046, "loss": 0.22729386389255524, "_timestamp": 1718332829.1741016, "_runtime": 2406.8088505268097, "_step": 1000, "_wandb": {"runtime": 2406}}