{"val_acc": 0.930899977684021, "best_acc": 0.9447000026702881, "loss": 0.2852957248687744, "_timestamp": 1718284661.4975562, "_runtime": 2625.277386188507, "_step": 1000, "_wandb": {"runtime": 2624}}