{"val_acc": 0.7031999826431274, "best_acc": 0.7160999774932861, "loss": 0.8928459882736206, "_timestamp": 1713336658.8418252, "_runtime": 9529.110211133957, "_step": 445}