{"val_acc": 0.7205050587654114, "best_acc": 0.9350505471229553, "loss": 0.7868692278862, "_timestamp": 1717935620.9474638, "_runtime": 778.6090457439423, "_step": 300, "_wandb": {"runtime": 777}}