{"val_acc": 0.7833333611488342, "best_acc": 0.9315151572227478, "loss": 0.8470044732093811, "_timestamp": 1717633306.452198, "_runtime": 794.2291431427002, "_step": 300, "_wandb": {"runtime": 793}}