{"val_acc": 0.8594949841499329, "best_acc": 0.9029293060302734, "loss": 0.7056474089622498, "_timestamp": 1717627689.5290458, "_runtime": 787.9050009250641, "_step": 300, "_wandb": {"runtime": 787}}