{"val_acc": 0.6851515173912048, "best_acc": 0.9035353660583496, "loss": 1.1471134424209595, "_timestamp": 1717634913.2258573, "_runtime": 788.5964891910553, "_step": 300, "_wandb": {"runtime": 787}}