{"val_acc": 0.8769696950912476, "best_acc": 0.961212158203125, "loss": 0.4387061297893524, "_timestamp": 1717677178.815268, "_runtime": 819.70782995224, "_step": 300, "_wandb": {"runtime": 819}}