{"val_acc": 0.9027999639511108, "best_acc": 0.9265999794006348, "loss": 0.7699090838432312, "_timestamp": 1716977339.1369104, "_runtime": 7965.930788516998, "_step": 107}