{"val_acc": 0.7576999664306641, "best_acc": 0.7576999664306641, "loss": 1.1181391477584839, "_timestamp": 1715918043.8893278, "_runtime": 118.03434085845947, "_step": 5}