{"val_acc": 0.35740000009536743, "best_acc": 0.4080999791622162, "loss": 1.8115057945251465, "_timestamp": 1716601827.0251372, "_runtime": 87076.80365228653, "_step": 2000, "_wandb": {"runtime": 87076}}