{"val_acc": 0.2215999960899353, "best_acc": 0.25519999861717224, "loss": 2.0599305629730225, "_timestamp": 1713246175.193582, "_runtime": 581.5562851428986, "_step": 30}