{"val_acc": 0.9443434476852417, "best_acc": 0.9521212577819824, "loss": 0.2529779374599457, "_timestamp": 1717907647.3231683, "_runtime": 855.538660287857, "_step": 300, "_wandb": {"runtime": 854}}