{"val_acc": 0.8412121534347534, "best_acc": 0.8475757837295532, "loss": 0.5047781467437744, "_timestamp": 1718276836.0108204, "_runtime": 18886.063415288925, "_step": 2000, "_wandb": {"runtime": 18885}}