{"val_acc": 0.9085859060287476, "best_acc": 0.9644444584846497, "loss": 0.26099053025245667, "_timestamp": 1717807653.1636567, "_runtime": 1311.9576926231384, "_step": 300, "_wandb": {"runtime": 1311}}