{"val_acc": 0.9253535866737366, "best_acc": 0.9511111378669739, "loss": 0.3444664180278778, "_timestamp": 1717900683.5746515, "_runtime": 857.130791425705, "_step": 300, "_wandb": {"runtime": 856}}