{"val_acc": 0.3228999972343445, "_timestamp": 1712660760.7413347, "_runtime": 1080.8143827915192, "_step": 58}