{"val_acc": 0.6136363744735718, "best_acc": 0.8842424750328064, "loss": 1.1131170988082886, "_timestamp": 1717797722.8432562, "_runtime": 1186.3136672973633, "_step": 300, "_wandb": {"runtime": 1185}}