{"val_acc": 0.9643434882164001, "best_acc": 0.9650505185127258, "loss": 0.12069445848464966, "_timestamp": 1718069691.3837168, "_runtime": 1491.223820924759, "_step": 500, "_wandb": {"runtime": 1490}}