{"val_acc": 0.8574000000953674, "best_acc": 0.9251999855041504, "loss": 0.5960090756416321, "_timestamp": 1716935560.2185771, "_runtime": 8379.0065472126, "_step": 500, "_wandb": {"runtime": 8378}}