{"val_acc": 0.9150505065917969, "best_acc": 0.9275757670402527, "loss": 0.44375982880592346, "_timestamp": 1717648516.056232, "_runtime": 789.7455849647522, "_step": 300, "_wandb": {"runtime": 789}}