{"val_acc": 0.7975999712944031, "best_acc": 0.8000999689102173, "loss": 0.6320575475692749, "_timestamp": 1713651463.2821105, "_runtime": 9838.194299459457, "_step": 1000, "_wandb": {"runtime": 9837}}