{"val_acc": 0.972599983215332, "best_acc": 0.9752999544143677, "loss": 0.08918385207653046, "_timestamp": 1716786736.087884, "_runtime": 576.2085978984833, "_step": 200, "_wandb": {"runtime": 575}}