{"val_acc": 0.8749495148658752, "best_acc": 0.9602020382881165, "loss": 0.30649566650390625, "_timestamp": 1717710817.8942688, "_runtime": 734.6720407009125, "_step": 300, "_wandb": {"runtime": 734}}