{"val_acc": 0.8964646458625793, "best_acc": 0.9453535676002502, "loss": 0.7808009386062622, "_timestamp": 1717915577.4962971, "_runtime": 904.466940164566, "_step": 300, "_wandb": {"runtime": 903}}