{"val_acc": 0.7943434715270996, "best_acc": 0.9449495077133179, "loss": 0.570642352104187, "_timestamp": 1717695130.6591742, "_runtime": 794.039525270462, "_step": 300, "_wandb": {"runtime": 793}}