{"val_acc": 0.9641000032424927, "best_acc": 0.9641000032424927, "loss": 0.12457981705665588, "_timestamp": 1716390294.0649667, "_runtime": 1656.961053609848, "_step": 200, "_wandb": {"runtime": 1656}}