{"val_acc": 0.738585889339447, "best_acc": 0.8608081340789795, "loss": 1.0235576629638672, "_timestamp": 1717943899.3261554, "_runtime": 741.2664523124695, "_step": 300, "_wandb": {"runtime": 740}}