{"val_acc": 0.9482828378677368, "best_acc": 0.9626262784004211, "loss": 0.2058112919330597, "_timestamp": 1718511896.4049816, "_runtime": 2799.7184336185455, "_step": 1000, "_wandb": {"runtime": 2799}}