{"val_acc": 0.36579999327659607, "best_acc": 0.36579999327659607, "loss": 1.9228384494781494, "_timestamp": 1718612989.920501, "_runtime": 18.935703992843628, "_step": 4}