{"val_acc": 0.8996999859809875, "best_acc": 0.9095999598503113, "loss": 0.45595794916152954, "_timestamp": 1718023156.2379947, "_runtime": 80.65610957145691, "_step": 24}