{"val_acc": 0.705299973487854, "best_acc": 0.8895999789237976, "loss": 0.8582343459129333, "_timestamp": 1717765957.4279559, "_runtime": 745.9057259559631, "_step": 300, "_wandb": {"runtime": 745}}