{"val_acc": 0.8529292941093445, "best_acc": 0.933838427066803, "loss": 0.6524531245231628, "_timestamp": 1717802479.8544512, "_runtime": 1194.9617490768433, "_step": 300, "_wandb": {"runtime": 1194}}