{"val_acc": 0.9229293465614319, "best_acc": 0.9621212482452393, "loss": 0.292641282081604, "_timestamp": 1717707036.0563595, "_runtime": 768.6063785552979, "_step": 300, "_wandb": {"runtime": 768}}