{"val_acc": 0.8904040455818176, "best_acc": 0.9632323384284973, "loss": 0.48947715759277344, "_timestamp": 1717844869.531013, "_runtime": 819.1456589698792, "_step": 300, "_wandb": {"runtime": 818}}