{"val_acc": 0.6335353851318359, "best_acc": 0.912020206451416, "loss": 1.4486217498779297, "_timestamp": 1717945399.8317115, "_runtime": 740.9021065235138, "_step": 300, "_wandb": {"runtime": 740}}