{"val_acc": 0.9807999730110168, "best_acc": 0.9815999865531921, "loss": 0.06823494285345078, "_timestamp": 1716268880.4864254, "_runtime": 706.9460723400116, "_step": 103}