{"val_acc": 0.9520202279090881, "best_acc": 0.9581818580627441, "loss": 0.1890260875225067, "_timestamp": 1717712372.8704162, "_runtime": 802.828693151474, "_step": 300, "_wandb": {"runtime": 802}}