{"val_acc": 0.9151999950408936, "best_acc": 0.9422000050544739, "loss": 0.38958147168159485, "_timestamp": 1717489368.5187132, "_runtime": 1315.091067314148, "_step": 500, "_wandb": {"runtime": 1314}}