{"val_acc": 0.882599949836731, "best_acc": 0.9004999995231628, "loss": 0.8455313444137573, "_timestamp": 1718599491.0777178, "_runtime": 9661.85206770897, "_step": 206}