{"val_acc": 0.41110000014305115, "best_acc": 0.4487999975681305, "loss": 2.1085622310638428, "_timestamp": 1717403127.3508747, "_runtime": 1013.0967736244202, "_step": 17, "_wandb": {"runtime": 1014}}