{"val_acc": 0.48919999599456787, "best_acc": 0.5113999843597412, "_timestamp": 1712824441.8133643, "_runtime": 7235.738940238953, "_step": 387}