{"val_acc": 0.827373743057251, "best_acc": 0.9206060767173767, "loss": 0.594490647315979, "_timestamp": 1717819198.4748886, "_runtime": 1227.7345826625824, "_step": 300, "_wandb": {"runtime": 1227}}