{"val_acc": 0.9727272987365723, "best_acc": 0.9753535389900208, "loss": 0.08775436133146286, "_timestamp": 1718396534.3572836, "_runtime": 2511.816311597824, "_step": 1000, "_wandb": {"runtime": 2511}}