{"val_acc": 0.635699987411499, "best_acc": 0.8888999819755554, "loss": 1.0297404527664185, "_timestamp": 1717767483.2106235, "_runtime": 746.6990485191345, "_step": 300, "_wandb": {"runtime": 746}}