{"val_acc": 0.7037999629974365, "best_acc": 0.9333999752998352, "loss": 0.9867265224456787, "_timestamp": 1717862101.8798566, "_runtime": 1165.5316305160522, "_step": 300, "_wandb": {"runtime": 1164}}