{"val_acc": 0.30059999227523804, "best_acc": 0.30230000615119934, "loss": 1.9800643920898438, "_timestamp": 1713029495.661933, "_runtime": 1302.5775010585785, "_step": 58}