{"val_acc": 0.8733999729156494, "best_acc": 0.8815999627113342, "loss": 0.4969981908798218, "_timestamp": 1726535600.7635868, "_runtime": 1746.6908416748047, "_step": 500, "_wandb": {"runtime": 1746}}