{"val_acc": 0.9091999530792236, "best_acc": 0.9422999620437622, "loss": 0.35760626196861267, "_timestamp": 1718555958.8090627, "_runtime": 2552.4720327854156, "_step": 1000, "_wandb": {"runtime": 2551}}