{"val_acc": 0.9635999798774719, "best_acc": 0.9667999744415283, "loss": 0.12939424812793732, "_timestamp": 1716884186.1032631, "_runtime": 1654.103686094284, "_step": 500, "_wandb": {"runtime": 1653}}