{"val_acc": 0.6737374067306519, "best_acc": 0.8385859131813049, "loss": 1.4258153438568115, "_timestamp": 1717329467.9158478, "_runtime": 21120.49504685402, "_step": 300, "_wandb": {"runtime": 21119}}