{"val_acc": 0.9129292964935303, "best_acc": 0.9547474980354309, "loss": 0.38419413566589355, "_timestamp": 1717926949.137565, "_runtime": 830.485631942749, "_step": 300, "_wandb": {"runtime": 829}}