{"val_acc": 0.9033333659172058, "best_acc": 0.9415152072906494, "loss": 0.3880006968975067, "_timestamp": 1717796525.4119377, "_runtime": 1193.804352760315, "_step": 300, "_wandb": {"runtime": 1193}}