{"val_acc": 0.6990000009536743, "best_acc": 0.7135999798774719, "loss": 0.8933971524238586, "_timestamp": 1713603159.5251894, "_runtime": 10634.489979505539, "_step": 1000, "_wandb": {"runtime": 10633}}