{"val_acc": 0.3867676854133606, "best_acc": 0.6161616444587708, "loss": 1.6692546606063843, "_timestamp": 1717753019.4202662, "_runtime": 1171.6526992321014, "_step": 300, "_wandb": {"runtime": 1171}}