{"val_acc": 0.8953999876976013, "best_acc": 0.920199990272522, "loss": 0.5870391130447388, "_timestamp": 1717854877.4044304, "_runtime": 1158.837982416153, "_step": 300, "_wandb": {"runtime": 1158}}