{"val_acc": 0.8804000020027161, "best_acc": 0.9016000032424927, "loss": 0.3829250633716583, "_timestamp": 1716355509.549189, "_runtime": 64.08628702163696, "_step": 5}