{"val_acc": 0.9584999680519104, "best_acc": 0.961899995803833, "loss": 0.13712379336357117, "_timestamp": 1726093384.4699185, "_runtime": 2926.7082374095917, "_step": 80}