{"val_acc": 0.7423999905586243, "best_acc": 0.9231999516487122, "loss": 0.9521002769470215, "_timestamp": 1717575899.885937, "_runtime": 829.2276608943939, "_step": 300, "_wandb": {"runtime": 828}}