{"val_acc": 0.949999988079071, "best_acc": 0.9650999903678894, "loss": 0.18634270131587982, "_timestamp": 1716877909.1468794, "_runtime": 1353.4393563270569, "_step": 500, "_wandb": {"runtime": 1352}}