{"val_acc": 0.4738999903202057, "best_acc": 0.4804999828338623, "loss": 1.7824523448944092, "_timestamp": 1717454308.0097313, "_runtime": 214.28051733970642, "_step": 4}