{"val_acc": 0.4359596073627472, "best_acc": 0.6404040455818176, "loss": 1.4319168329238892, "_timestamp": 1717756519.3129342, "_runtime": 1164.6459290981293, "_step": 300, "_wandb": {"runtime": 1163}}