{"val_acc": 0.9440999627113342, "best_acc": 0.9661999940872192, "loss": 0.25912314653396606, "_timestamp": 1716426830.289348, "_runtime": 1098.3439769744873, "_step": 154}