{"val_acc": 0.7448999881744385, "best_acc": 0.9320999979972839, "loss": 0.7422236800193787, "_timestamp": 1717552688.7093627, "_runtime": 764.757340669632, "_step": 300, "_wandb": {"runtime": 764}}