{"val_acc": 0.9077999591827393, "best_acc": 0.9077999591827393, "loss": 0.4031626582145691, "_timestamp": 1716866370.712664, "_runtime": 44.51726293563843, "_step": 11}