{"val_acc": 0.3716999888420105, "best_acc": 0.3716999888420105, "loss": 2.070147752761841, "_timestamp": 1717129344.4707003, "_runtime": 135.25727534294128, "_step": 1}