{"val_acc": 0.7044000029563904, "best_acc": 0.7247999906539917, "loss": 0.8792805671691895, "_timestamp": 1713402277.4626422, "_runtime": 11092.931009292603, "_step": 729, "_wandb": {"runtime": 11107}}