{"val_acc": 0.8940999507904053, "best_acc": 0.9104999899864197, "loss": 0.3729936480522156, "_timestamp": 1715840842.7903316, "_runtime": 3723.2956795692444, "_step": 354}