{"val_acc": 0.9442424774169922, "best_acc": 0.9580808281898499, "loss": 0.19975440204143524, "_timestamp": 1718380940.4733148, "_runtime": 2626.432340860367, "_step": 1000, "_wandb": {"runtime": 2625}}