{"val_acc": 0.5159000158309937, "best_acc": 0.5507999658584595, "_timestamp": 1712798758.2459574, "_runtime": 8706.012764453888, "_step": 500, "_wandb": {"runtime": 8705}}