{"val_acc": 0.9553999900817871, "best_acc": 0.9580999612808228, "loss": 0.1540619283914566, "_timestamp": 1714717775.7911298, "_runtime": 28919.182507753372, "_step": 2000, "_wandb": {"runtime": 28918}}