{"val_acc": 0.9509091377258301, "best_acc": 0.9636363983154297, "loss": 0.21791888773441315, "_timestamp": 1717841556.498802, "_runtime": 875.2862360477448, "_step": 300, "_wandb": {"runtime": 874}}