{"val_acc": 0.527899980545044, "best_acc": 0.8730999827384949, "loss": 1.3294651508331299, "_timestamp": 1717521257.9433224, "_runtime": 742.4266865253448, "_step": 300, "_wandb": {"runtime": 741}}