{"val_acc": 0.9587000012397766, "best_acc": 0.9633999466896057, "loss": 0.15818165242671967, "_timestamp": 1716412227.882041, "_runtime": 1680.1175780296326, "_step": 200, "_wandb": {"runtime": 1679}}