{"val_acc": 0.6596999764442444, "best_acc": 0.6596999764442444, "loss": 1.5050837993621826, "_timestamp": 1715909699.9049122, "_runtime": 79.43332815170288, "_step": 3}