{"val_acc": 0.9537373781204224, "best_acc": 0.9626262784004211, "loss": 0.19112037122249603, "_timestamp": 1717660896.5981982, "_runtime": 759.9593381881714, "_step": 300, "_wandb": {"runtime": 759}}