{"val_acc": 0.9038999676704407, "best_acc": 0.9305999875068665, "loss": 0.3422791659832001, "_timestamp": 1717863298.1568701, "_runtime": 1185.9693670272827, "_step": 300, "_wandb": {"runtime": 1185}}