{"val_acc": 0.8707000017166138, "best_acc": 0.9261999726295471, "loss": 0.5842226147651672, "_timestamp": 1717765201.5237248, "_runtime": 779.0215108394623, "_step": 300, "_wandb": {"runtime": 778}}