{"val_acc": 0.6315000057220459, "best_acc": 0.6441999673843384, "loss": 1.0595546960830688, "_timestamp": 1713359250.6478689, "_runtime": 20702.61518096924, "_step": 1000, "_wandb": {"runtime": 20702}}