{"val_acc": 0.8950505256652832, "best_acc": 0.9569697380065918, "loss": 0.4157235622406006, "_timestamp": 1717692731.5200253, "_runtime": 799.0787532329559, "_step": 300, "_wandb": {"runtime": 798}}