{"val_acc": 0.6765657067298889, "best_acc": 0.7903030514717102, "loss": 1.5500544309616089, "_timestamp": 1717245875.3180091, "_runtime": 20933.108163118362, "_step": 300, "_wandb": {"runtime": 20932}}