{"val_acc": 0.7671717405319214, "best_acc": 0.9283838868141174, "loss": 0.6502156853675842, "_timestamp": 1717941626.7863824, "_runtime": 741.2599983215332, "_step": 300, "_wandb": {"runtime": 740}}