{"val_acc": 0.774899959564209, "best_acc": 0.8317999839782715, "loss": 1.253514051437378, "_timestamp": 1716861128.555194, "_runtime": 721.6789798736572, "_step": 31, "_wandb": {"runtime": 739}}