{"val_acc": 0.7372727394104004, "best_acc": 0.9106060862541199, "loss": 0.8068668246269226, "_timestamp": 1717636510.20106, "_runtime": 790.981073141098, "_step": 300, "_wandb": {"runtime": 790}}