{"val_acc": 0.43709999322891235, "best_acc": 0.43709999322891235, "loss": 2.0150585174560547, "_timestamp": 1715841424.9335437, "_runtime": 63.824379682540894, "_step": 0}