{"val_acc": 0.9003999829292297, "best_acc": 0.9531999826431274, "loss": 0.5570482015609741, "_timestamp": 1716430104.0281544, "_runtime": 3179.1447563171387, "_step": 200, "_wandb": {"runtime": 3178}}