{"val_acc": 0.3416999876499176, "best_acc": 0.8467999696731567, "loss": 2.031684398651123, "_timestamp": 1717376534.1763952, "_runtime": 1231.425742149353, "_step": 300, "_wandb": {"runtime": 1230}}