{"val_acc": 0.8915151953697205, "best_acc": 0.9560606479644775, "loss": 0.4682059586048126, "_timestamp": 1717659358.3985279, "_runtime": 755.0404899120331, "_step": 300, "_wandb": {"runtime": 754}}