{"val_acc": 0.93747478723526, "best_acc": 0.954242467880249, "loss": 0.45477938652038574, "_timestamp": 1717776988.372518, "_runtime": 823.9242250919342, "_step": 300, "_wandb": {"runtime": 823}}