{"val_acc": 0.873232364654541, "best_acc": 0.9163636565208435, "loss": 0.8357558250427246, "_timestamp": 1717658596.5221558, "_runtime": 760.9377448558807, "_step": 300, "_wandb": {"runtime": 760}}