{"val_acc": 0.5081999897956848, "_timestamp": 1712665532.1149526, "_runtime": 4711.495487451553, "_step": 264}