{"val_acc": 0.9503030776977539, "best_acc": 0.9639394283294678, "loss": 0.19903984665870667, "_timestamp": 1717703109.7873316, "_runtime": 781.5620305538177, "_step": 300, "_wandb": {"runtime": 780}}