{"val_acc": 0.22769999504089355, "best_acc": 0.9138999581336975, "loss": 1.8770796060562134, "_timestamp": 1716841399.651121, "_runtime": 2684.510402917862, "_step": 1000, "_wandb": {"runtime": 2683}}