{"val_acc": 0.8316161632537842, "best_acc": 0.9319192171096802, "loss": 0.7273690700531006, "_timestamp": 1717943146.9896362, "_runtime": 753.0425672531128, "_step": 300, "_wandb": {"runtime": 752}}