{"val_acc": 0.7703999876976013, "best_acc": 0.7841999530792236, "loss": 0.7047213315963745, "_timestamp": 1713952061.6582458, "_runtime": 20729.788915872574, "_step": 2000, "_wandb": {"runtime": 20729}}