{"val_acc": 0.8389999866485596, "best_acc": 0.9452999830245972, "loss": 0.5473533272743225, "_timestamp": 1717530590.3676364, "_runtime": 767.7595493793488, "_step": 300, "_wandb": {"runtime": 767}}