{"val_acc": 0.9685999751091003, "best_acc": 0.9697999954223633, "loss": 0.11619003862142563, "_timestamp": 1716868073.5412977, "_runtime": 1646.2135577201843, "_step": 500, "_wandb": {"runtime": 1645}}