{"val_acc": 0.16679999232292175, "best_acc": 0.7529999613761902, "loss": 2.023897171020508, "_timestamp": 1717600837.4539397, "_runtime": 711.3152756690979, "_step": 300, "_wandb": {"runtime": 710}}