{"val_acc": 0.8781999945640564, "best_acc": 0.945099949836731, "loss": 0.5282586216926575, "_timestamp": 1717531346.7510152, "_runtime": 747.4076070785522, "_step": 300, "_wandb": {"runtime": 746}}