{"val_acc": 0.9492929577827454, "best_acc": 0.9624242782592773, "loss": 0.24355202913284302, "_timestamp": 1717660128.0483835, "_runtime": 760.2251214981079, "_step": 300, "_wandb": {"runtime": 759}}