{"val_acc": 0.2870999872684479, "best_acc": 0.30480000376701355, "loss": 1.9817159175872803, "_timestamp": 1716514530.9278042, "_runtime": 66970.24743032455, "_step": 864}