{"val_acc": 0.7419999837875366, "best_acc": 0.9354999661445618, "loss": 0.7720190286636353, "_timestamp": 1717551915.9589534, "_runtime": 766.7566154003143, "_step": 300, "_wandb": {"runtime": 766}}