{"val_acc": 0.9562000036239624, "best_acc": 0.9569000005722046, "loss": 0.145671084523201, "_timestamp": 1715917896.9194624, "_runtime": 5918.426414489746, "_step": 317}