{"val_acc": 0.9412999749183655, "best_acc": 0.9628999829292297, "loss": 0.22126710414886475, "_timestamp": 1717576722.5274992, "_runtime": 806.004759311676, "_step": 300, "_wandb": {"runtime": 805}}