{"val_acc": 0.614242434501648, "best_acc": 0.9138383865356445, "loss": 1.2032177448272705, "_timestamp": 1717717132.6508145, "_runtime": 759.8693845272064, "_step": 300, "_wandb": {"runtime": 759}}