{"val_acc": 0.767799973487854, "best_acc": 0.9320999979972839, "loss": 0.6571400165557861, "_timestamp": 1717885050.930536, "_runtime": 772.9780371189117, "_step": 300, "_wandb": {"runtime": 772}}