{"val_acc": 0.6704999804496765, "best_acc": 0.6704999804496765, "loss": 1.0986257791519165, "_timestamp": 1718023014.9518287, "_runtime": 120.92147970199585, "_step": 3}