{"val_acc": 0.7555999755859375, "best_acc": 0.8759999871253967, "loss": 1.0274275541305542, "_timestamp": 1716960895.852615, "_runtime": 25322.187811136246, "_step": 372, "_wandb": {"runtime": 25357}}