{"val_acc": 0.9520202279090881, "best_acc": 0.9581818580627441, "loss": 0.1922263205051422, "_timestamp": 1717651651.4642503, "_runtime": 756.5924642086029, "_step": 300, "_wandb": {"runtime": 756}}