{"val_acc": 0.9168999791145325, "best_acc": 0.9373999834060669, "loss": 0.38075923919677734, "_timestamp": 1717378744.5567274, "_runtime": 1306.7316403388977, "_step": 300, "_wandb": {"runtime": 1306}}