{"val_acc": 0.4311999976634979, "best_acc": 0.7947999835014343, "loss": 1.5285850763320923, "_timestamp": 1713910222.171099, "_runtime": 20761.115888834, "_step": 2000, "_wandb": {"runtime": 20758}}