{"val_acc": 0.827373743057251, "best_acc": 0.9161616563796997, "loss": 0.7384770512580872, "_timestamp": 1717687804.6101189, "_runtime": 769.0784809589386, "_step": 300, "_wandb": {"runtime": 768}}