{"val_acc": 0.6762999892234802, "best_acc": 0.8021999597549438, "loss": 1.3549072742462158, "_timestamp": 1717074735.3879654, "_runtime": 4313.512289524078, "_step": 62}