{"val_acc": 0.8686999678611755, "best_acc": 0.9628999829292297, "loss": 0.3677400052547455, "_timestamp": 1717572453.793031, "_runtime": 891.3742599487305, "_step": 300, "_wandb": {"runtime": 890}}