{"val_acc": 0.612500011920929, "best_acc": 0.612500011920929, "loss": 1.9018313884735107, "_timestamp": 1716177124.9888144, "_runtime": 39.2985463142395, "_step": 0}