{"val_acc": 0.9414141774177551, "best_acc": 0.9489899277687073, "loss": 0.5914570689201355, "_timestamp": 1717908517.0512753, "_runtime": 852.357271194458, "_step": 300, "_wandb": {"runtime": 851}}