{"val_acc": 0.8915151953697205, "best_acc": 0.9358586072921753, "loss": 0.35307297110557556, "_timestamp": 1717795313.811425, "_runtime": 1184.1647598743439, "_step": 300, "_wandb": {"runtime": 1183}}