{"val_acc": 0.8579798340797424, "best_acc": 0.9363636374473572, "loss": 0.5615221858024597, "_timestamp": 1717938614.5325406, "_runtime": 736.6912474632263, "_step": 300, "_wandb": {"runtime": 736}}