{"val_acc": 0.9334999918937683, "best_acc": 0.9605000019073486, "loss": 0.3756125271320343, "_timestamp": 1717770401.4186296, "_runtime": 809.3310546875, "_step": 300, "_wandb": {"runtime": 808}}