{"val_acc": 0.5151000022888184, "best_acc": 0.5378000140190125, "loss": 1.387304425239563, "_timestamp": 1713004827.8543217, "_runtime": 23106.538823604584, "_step": 1000, "_wandb": {"runtime": 23105}}