{"val_acc": 0.986299991607666, "best_acc": 0.9878999590873718, "loss": 0.0407104529440403, "_timestamp": 1716872174.3965464, "_runtime": 6585.349749326706, "_step": 2000, "_wandb": {"runtime": 6584}}