{"val_acc": 0.9224242568016052, "best_acc": 0.9602020382881165, "loss": 0.31839853525161743, "_timestamp": 1717929526.3087337, "_runtime": 841.8474917411804, "_step": 300, "_wandb": {"runtime": 841}}