{"val_acc": 0.9553535580635071, "best_acc": 0.9606060981750488, "loss": 0.24098850786685944, "_timestamp": 1717774484.8872068, "_runtime": 832.615740776062, "_step": 300, "_wandb": {"runtime": 831}}