{"val_acc": 0.11349999904632568, "best_acc": 0.2694000005722046, "loss": 2.3025832176208496, "_timestamp": 1717597200.4965534, "_runtime": 713.5962743759155, "_step": 300, "_wandb": {"runtime": 713}}