{"val_acc": 0.11349999904632568, "best_acc": 0.6104999780654907, "loss": 2.0924508571624756, "_timestamp": 1718611471.7005765, "_runtime": 2972.7616486549377, "_step": 1000, "_wandb": {"runtime": 2972}}