{"val_acc": 0.8570999503135681, "best_acc": 0.9363999962806702, "loss": 0.6139311194419861, "_timestamp": 1717505405.2518167, "_runtime": 1281.0440816879272, "_step": 500, "_wandb": {"runtime": 1280}}