{"val_acc": 0.9110101461410522, "best_acc": 0.9443434476852417, "loss": 0.41288265585899353, "_timestamp": 1717789342.2313602, "_runtime": 1177.1005001068115, "_step": 300, "_wandb": {"runtime": 1176}}