{"val_acc": 0.9583999514579773, "best_acc": 0.9698999524116516, "loss": 0.17743980884552002, "_timestamp": 1716378444.2152383, "_runtime": 3062.852741241455, "_step": 500, "_wandb": {"runtime": 3061}}