{"val_acc": 0.7968686819076538, "best_acc": 0.894141435623169, "loss": 0.8677376508712769, "_timestamp": 1717820435.324276, "_runtime": 1226.9230749607086, "_step": 300, "_wandb": {"runtime": 1226}}