{"val_acc": 0.8932999968528748, "best_acc": 0.9693999886512756, "loss": 0.3009510040283203, "_timestamp": 1717493582.3482382, "_runtime": 1439.6658391952515, "_step": 500, "_wandb": {"runtime": 1438}}