{"val_acc": 0.5640999674797058, "best_acc": 0.611299991607666, "loss": 1.2563790082931519, "_timestamp": 1713050465.2992768, "_runtime": 20903.59225487709, "_step": 1000, "_wandb": {"runtime": 20902}}