{"val_acc": 0.9848999977111816, "best_acc": 0.9873999953269958, "loss": 0.04332315921783447, "_timestamp": 1716886365.269012, "_runtime": 1421.0089058876038, "_step": 500, "_wandb": {"runtime": 1420}}