{"val_acc": 0.46717172861099243, "best_acc": 0.5921212434768677, "loss": 1.3590528964996338, "_timestamp": 1717750664.9256158, "_runtime": 1241.0536377429962, "_step": 300, "_wandb": {"runtime": 1240}}