{"val_acc": 0.8858000040054321, "best_acc": 0.9264999628067017, "loss": 0.411136656999588, "_timestamp": 1717860926.1510212, "_runtime": 1180.6008522510529, "_step": 300, "_wandb": {"runtime": 1179}}