{"val_acc": 0.9571999907493591, "best_acc": 0.9650999903678894, "loss": 0.1624537855386734, "_timestamp": 1718453498.2498798, "_runtime": 4080.2440807819366, "_step": 1000, "_wandb": {"runtime": 4079}}