{"val_acc": 0.6252999901771545, "best_acc": 0.6337999701499939, "loss": 1.101122498512268, "_timestamp": 1713242166.0445926, "_runtime": 17870.88248372078, "_step": 951}