{"val_acc": 0.7554999589920044, "best_acc": 0.765500009059906, "loss": 0.7382611036300659, "_timestamp": 1713763856.7578464, "_runtime": 10521.82917547226, "_step": 1000, "_wandb": {"runtime": 10521}}