{"val_acc": 0.45649999380111694, "best_acc": 0.9167999625205994, "loss": 1.3574295043945312, "_timestamp": 1716833342.6550088, "_runtime": 2694.8490138053894, "_step": 1000, "_wandb": {"runtime": 2694}}