{"val_acc": 0.8807070851325989, "best_acc": 0.9613131880760193, "loss": 0.35265612602233887, "_timestamp": 1717916485.0468373, "_runtime": 895.9408314228058, "_step": 300, "_wandb": {"runtime": 895}}