{"val_acc": 0.5931313037872314, "best_acc": 0.7702020406723022, "loss": 1.440705418586731, "_timestamp": 1717669238.6780627, "_runtime": 747.1650607585907, "_step": 300, "_wandb": {"runtime": 746}}