{"val_acc": 0.9292999505996704, "best_acc": 0.9592999815940857, "loss": 0.2593075633049011, "_timestamp": 1718350350.2368083, "_runtime": 4288.626951217651, "_step": 1000, "_wandb": {"runtime": 4287}}