{"val_acc": 0.8477999567985535, "best_acc": 0.9271999597549438, "loss": 0.7988300323486328, "_timestamp": 1718292350.4847226, "_runtime": 2549.973426580429, "_step": 1000, "_wandb": {"runtime": 2549}}