{"val_acc": 0.9052000045776367, "best_acc": 0.958899974822998, "loss": 0.30126604437828064, "_timestamp": 1718335229.0802684, "_runtime": 2390.2357983589172, "_step": 1000, "_wandb": {"runtime": 2389}}