{"val_acc": 0.6585999727249146, "best_acc": 0.799299955368042, "loss": 1.2066335678100586, "_timestamp": 1714014153.558659, "_runtime": 19841.2209751606, "_step": 1929}