{"val_acc": 0.948699951171875, "best_acc": 0.9591999650001526, "loss": 0.2411775290966034, "_timestamp": 1716891288.5994246, "_runtime": 4915.208002567291, "_step": 500, "_wandb": {"runtime": 4914}}