{"val_acc": 0.9054999947547913, "best_acc": 0.9304999709129333, "loss": 0.4486449956893921, "_timestamp": 1717502757.701661, "_runtime": 1274.5889542102814, "_step": 500, "_wandb": {"runtime": 1273}}