{"val_acc": 0.49079999327659607, "best_acc": 0.5048999786376953, "_timestamp": 1712736786.7421696, "_runtime": 10616.163611650467, "_step": 500, "_wandb": {"runtime": 10615}}