{"val_acc": 0.602400004863739, "best_acc": 0.6638000011444092, "loss": 1.1611802577972412, "_timestamp": 1717734634.6888678, "_runtime": 724.2770557403564, "_step": 300, "_wandb": {"runtime": 723}}