{"val_acc": 0.882099986076355, "best_acc": 0.9417999982833862, "loss": 0.4772433340549469, "_timestamp": 1717549588.318689, "_runtime": 759.9634032249451, "_step": 300, "_wandb": {"runtime": 759}}