{"val_acc": 0.14869999885559082, "best_acc": 0.23109999299049377, "_timestamp": 1712981093.5605125, "_runtime": 241.92874550819397, "_step": 16}