{"val_acc": 0.8817999958992004, "best_acc": 0.9380999803543091, "loss": 0.4149395525455475, "_timestamp": 1717558677.4809566, "_runtime": 783.5381624698639, "_step": 300, "_wandb": {"runtime": 782}}