{"val_acc": 0.3184848725795746, "best_acc": 0.7777777910232544, "loss": 1.8138054609298706, "_timestamp": 1717665455.0110319, "_runtime": 750.7452609539032, "_step": 300, "_wandb": {"runtime": 750}}