{"val_acc": 0.9441414475440979, "best_acc": 0.9547474980354309, "loss": 0.27470019459724426, "_timestamp": 1717919203.453266, "_runtime": 894.6715388298035, "_step": 300, "_wandb": {"runtime": 894}}