{"val_acc": 0.6676999926567078, "best_acc": 0.6703000068664551, "loss": 0.971809446811676, "_timestamp": 1713613507.4237587, "_runtime": 10337.002629756927, "_step": 1000, "_wandb": {"runtime": 10336}}