{"val_acc": 0.5964999794960022, "best_acc": 0.7797999978065491, "loss": 1.2218680381774902, "_timestamp": 1713973196.0637665, "_runtime": 21116.32166337967, "_step": 2000, "_wandb": {"runtime": 21115}}