{"val_acc": 0.36569997668266296, "best_acc": 0.41110000014305115, "loss": 1.7873481512069702, "_timestamp": 1716731636.8824565, "_runtime": 68180.0487074852, "_step": 2000, "_wandb": {"runtime": 68179}}