{"val_acc": 0.11349999904632568, "best_acc": 0.552299976348877, "loss": 2.3025832176208496, "_timestamp": 1716815941.6150367, "_runtime": 3288.4377176761627, "_step": 1000, "_wandb": {"runtime": 3287}}