{"val_acc": 0.9320999979972839, "best_acc": 0.9567999839782715, "loss": 0.23884767293930054, "_timestamp": 1718688483.9227743, "_runtime": 4598.27034330368, "_step": 1000, "_wandb": {"runtime": 4597}}