{"val_acc": 0.8288999795913696, "best_acc": 0.9357999563217163, "loss": 0.87412428855896, "_timestamp": 1717579968.7080503, "_runtime": 804.8987183570862, "_step": 300, "_wandb": {"runtime": 804}}