{"val_acc": 0.7256565690040588, "best_acc": 0.9266666769981384, "loss": 0.796912670135498, "_timestamp": 1717934833.7691069, "_runtime": 782.1063189506531, "_step": 300, "_wandb": {"runtime": 781}}