{"val_acc": 0.9133999943733215, "best_acc": 0.9599999785423279, "loss": 0.29936811327934265, "_timestamp": 1717771284.4127867, "_runtime": 872.307199716568, "_step": 300, "_wandb": {"runtime": 871}}