{"val_acc": 0.289000004529953, "best_acc": 0.3276999890804291, "loss": 1.9361071586608887, "_timestamp": 1713526946.2989469, "_runtime": 9126.66768693924, "_step": 52}