{"val_acc": 0.9595999717712402, "best_acc": 0.9619999527931213, "loss": 0.15817680954933167, "_timestamp": 1717581806.8127897, "_runtime": 872.0617756843567, "_step": 300, "_wandb": {"runtime": 871}}