{"val_acc": 0.8985859155654907, "best_acc": 0.9631313681602478, "loss": 0.4045533835887909, "_timestamp": 1717806330.6986537, "_runtime": 1338.6431806087494, "_step": 300, "_wandb": {"runtime": 1337}}