{"val_acc": 0.9084848761558533, "best_acc": 0.9631313681602478, "loss": 0.3627459704875946, "_timestamp": 1717392085.6186996, "_runtime": 815.0522644519806, "_step": 300, "_wandb": {"runtime": 814}}