{"val_acc": 0.9454999566078186, "best_acc": 0.9555999636650085, "loss": 0.2819139063358307, "_timestamp": 1717888105.1115582, "_runtime": 740.335057258606, "_step": 300, "_wandb": {"runtime": 739}}