{"val_acc": 0.9598999619483948, "best_acc": 0.965399980545044, "loss": 0.20604513585567474, "_timestamp": 1716393698.981488, "_runtime": 1672.520977973938, "_step": 200, "_wandb": {"runtime": 1671}}