{"val_acc": 0.45799997448921204, "best_acc": 0.4732999801635742, "loss": 1.479164958000183, "_timestamp": 1713615050.0376987, "_runtime": 1531.3822968006134, "_step": 146}