{"val_acc": 0.9679999947547913, "best_acc": 0.9807999730110168, "loss": 0.10583743453025818, "_timestamp": 1716838703.0385928, "_runtime": 2675.99307179451, "_step": 1000, "_wandb": {"runtime": 2675}}