{"val_acc": 0.8756999969482422, "best_acc": 0.9477999806404114, "loss": 0.6523618102073669, "_timestamp": 1717490687.4613872, "_runtime": 1310.8902530670166, "_step": 500, "_wandb": {"runtime": 1310}}