{"val_acc": 0.6132000088691711, "best_acc": 0.9140999913215637, "loss": 1.1206976175308228, "_timestamp": 1717541863.6164806, "_runtime": 755.2741565704346, "_step": 300, "_wandb": {"runtime": 754}}