{"val_acc": 0.5978999733924866, "best_acc": 0.9167999625205994, "loss": 1.2937214374542236, "_timestamp": 1718530622.2862184, "_runtime": 2558.9500703811646, "_step": 1000, "_wandb": {"runtime": 2558}}