{"val_acc": 0.7989999651908875, "best_acc": 0.8958999514579773, "loss": 0.6238246560096741, "_timestamp": 1717766726.5991364, "_runtime": 752.4000544548035, "_step": 300, "_wandb": {"runtime": 751}}