{"val_acc": 0.18529999256134033, "best_acc": 0.18529999256134033, "loss": 2.3388359546661377, "_timestamp": 1717511724.5349998, "_runtime": 5.180083751678467, "_step": 0, "_wandb": {"runtime": 5}}