{"val_acc": 0.8524999618530273, "best_acc": 0.9355999827384949, "loss": 0.534754753112793, "_timestamp": 1717884270.2580314, "_runtime": 797.6243073940277, "_step": 300, "_wandb": {"runtime": 796}}