{"val_acc": 0.5026999711990356, "best_acc": 0.5026999711990356, "loss": 2.1051547527313232, "_timestamp": 1716853417.6542077, "_runtime": 17.774338722229004, "_step": 0}