{"val_acc": 0.942799985408783, "best_acc": 0.95169997215271, "loss": 0.21236391365528107, "_timestamp": 1716859524.3693216, "_runtime": 4601.742429494858, "_step": 500, "_wandb": {"runtime": 4601}}