{"val_acc": 0.8438000082969666, "best_acc": 0.9563999772071838, "loss": 0.5644096732139587, "_timestamp": 1718337629.1937666, "_runtime": 2389.202075481415, "_step": 1000, "_wandb": {"runtime": 2388}}