{"val_acc": 0.8666666746139526, "best_acc": 0.9548485279083252, "loss": 0.39658719301223755, "_timestamp": 1717921908.701958, "_runtime": 882.9943418502808, "_step": 300, "_wandb": {"runtime": 882}}