{"val_acc": 0.73575758934021, "best_acc": 0.9129292964935303, "loss": 1.2540868520736694, "_timestamp": 1717638925.4234471, "_runtime": 794.9076941013336, "_step": 300, "_wandb": {"runtime": 794}}