{"val_acc": 0.674343466758728, "best_acc": 0.8728283047676086, "loss": 0.8899483680725098, "_timestamp": 1717944648.9735217, "_runtime": 738.7668426036835, "_step": 300, "_wandb": {"runtime": 738}}