{"val_acc": 0.10429999977350235, "best_acc": 0.20789998769760132, "loss": 2.302560329437256, "_timestamp": 1713682963.6960986, "_runtime": 11411.67722249031, "_step": 1000, "_wandb": {"runtime": 11410}}