{"val_acc": 0.9384999871253967, "best_acc": 0.963699996471405, "loss": 0.2557254731655121, "_timestamp": 1717380837.1649494, "_runtime": 841.5850734710693, "_step": 300, "_wandb": {"runtime": 840}}