{"val_acc": 0.9632323384284973, "best_acc": 0.9646465182304382, "loss": 0.1571100503206253, "_timestamp": 1717688629.3026898, "_runtime": 814.99258685112, "_step": 300, "_wandb": {"runtime": 814}}