{"val_acc": 0.7459999918937683, "best_acc": 0.8204999566078186, "loss": 0.8796263337135315, "_timestamp": 1716786141.8381197, "_runtime": 1698.015614748001, "_step": 200, "_wandb": {"runtime": 1697}}