{"val_acc": 0.9541999697685242, "best_acc": 0.9648999571800232, "loss": 0.18232505023479462, "_timestamp": 1716425722.7921693, "_runtime": 4285.804569244385, "_step": 200, "_wandb": {"runtime": 4285}}