{"val_acc": 0.9188889265060425, "best_acc": 0.9627273082733154, "loss": 0.27509549260139465, "_timestamp": 1717848321.2285767, "_runtime": 821.2455866336823, "_step": 300, "_wandb": {"runtime": 820}}