{"val_acc": 0.8497999906539917, "best_acc": 0.9355999827384949, "loss": 0.6924668550491333, "_timestamp": 1717518966.4588454, "_runtime": 781.0747313499451, "_step": 300, "_wandb": {"runtime": 780}}