{"val_acc": 0.12289999425411224, "best_acc": 0.2076999992132187, "loss": 2.389810085296631, "_timestamp": 1717458441.0743208, "_runtime": 1111.7811677455902, "_step": 500, "_wandb": {"runtime": 1111}}