{"val_acc": 0.746999979019165, "best_acc": 0.7556999921798706, "loss": 0.7717217206954956, "_timestamp": 1713497819.4516864, "_runtime": 10610.713574409485, "_step": 841}