{"val_acc": 0.8456565737724304, "best_acc": 0.8530303239822388, "loss": 0.49925875663757324, "_timestamp": 1718257941.4403822, "_runtime": 19496.955490350723, "_step": 2000, "_wandb": {"runtime": 19496}}