{"val_acc": 0.943399965763092, "best_acc": 0.9562000036239624, "loss": 0.2522391676902771, "_timestamp": 1716438053.6480381, "_runtime": 3979.847579240799, "_step": 200, "_wandb": {"runtime": 3979}}