{"val_acc": 0.33059999346733093, "best_acc": 0.421099990606308, "loss": 1.7918215990066528, "_timestamp": 1713704300.1484828, "_runtime": 6087.220145702362, "_step": 536}