{"val_acc": 0.6561999917030334, "best_acc": 0.9043999910354614, "loss": 1.1056641340255737, "_timestamp": 1717898273.5314605, "_runtime": 709.1688644886017, "_step": 300, "_wandb": {"runtime": 708}}