{"val_acc": 0.7697979807853699, "best_acc": 0.9292929768562317, "loss": 0.659846305847168, "_timestamp": 1717630088.780224, "_runtime": 788.137501001358, "_step": 300, "_wandb": {"runtime": 787}}