{"val_acc": 0.9611999988555908, "best_acc": 0.9666999578475952, "loss": 0.1408262550830841, "_timestamp": 1716361891.7349536, "_runtime": 2950.045516729355, "_step": 500, "_wandb": {"runtime": 2949}}