{"val_acc": 0.8238384127616882, "best_acc": 0.9107071161270142, "loss": 0.5060660243034363, "_timestamp": 1717792939.738854, "_runtime": 1190.2253189086914, "_step": 300, "_wandb": {"runtime": 1189}}