{"val_acc": 0.48749998211860657, "best_acc": 0.5110999941825867, "_timestamp": 1712772244.2740602, "_runtime": 9052.787207365036, "_step": 500, "_wandb": {"runtime": 9052}}