{"val_acc": 0.7024242877960205, "best_acc": 0.9084848761558533, "loss": 0.8989269137382507, "_timestamp": 1717791739.5951073, "_runtime": 1186.0880453586578, "_step": 300, "_wandb": {"runtime": 1185}}