{"val_acc": 0.751800000667572, "best_acc": 0.7577999830245972, "loss": 0.751410186290741, "_timestamp": 1713309165.9060535, "_runtime": 56600.520847558975, "_step": 975}