{"val_acc": 0.7843999862670898, "best_acc": 0.8783999681472778, "loss": 1.1580840349197388, "_timestamp": 1716884777.1249444, "_runtime": 582.0909833908081, "_step": 57, "_wandb": {"runtime": 595}}