{"val_acc": 0.6877778172492981, "best_acc": 0.9294949769973755, "loss": 1.2812328338623047, "_timestamp": 1717718665.881203, "_runtime": 756.183228969574, "_step": 300, "_wandb": {"runtime": 755}}