{"val_acc": 0.990399956703186, "best_acc": 0.9909999966621399, "loss": 0.028298916295170784, "_timestamp": 1714020375.8271477, "_runtime": 5721.105703830719, "_step": 2000, "_wandb": {"runtime": 5720}}