{"val_acc": 0.8616999983787537, "best_acc": 0.9280999898910522, "loss": 0.5745477676391602, "_timestamp": 1717857237.0657089, "_runtime": 1176.0179657936096, "_step": 300, "_wandb": {"runtime": 1175}}