{"val_acc": 0.3718000054359436, "best_acc": 0.3718000054359436, "loss": 1.724172592163086, "_timestamp": 1713528637.4466374, "_runtime": 1532.9336733818054, "_step": 61}