{"val_acc": 0.9602020382881165, "best_acc": 0.9680808186531067, "loss": 0.16935507953166962, "_timestamp": 1717474162.2894073, "_runtime": 1417.082290172577, "_step": 500, "_wandb": {"runtime": 1416}}