{"val_acc": 0.1331000030040741, "best_acc": 0.2313999980688095, "loss": 2.2705955505371094, "_timestamp": 1713740931.1209412, "_runtime": 11794.82710313797, "_step": 1000, "_wandb": {"runtime": 11793}}