{"val_acc": 0.7331313490867615, "best_acc": 0.9034343957901001, "loss": 0.8695797920227051, "_timestamp": 1717631694.1909132, "_runtime": 788.0949811935425, "_step": 300, "_wandb": {"runtime": 787}}