{"val_acc": 0.2987000048160553, "best_acc": 0.2987000048160553, "loss": 2.021353006362915, "_timestamp": 1713655755.4094567, "_runtime": 548.0548977851868, "_step": 54}