{"val_acc": 0.8366000056266785, "best_acc": 0.9286999702453613, "loss": 0.6237050294876099, "_timestamp": 1717519747.712915, "_runtime": 772.191498041153, "_step": 300, "_wandb": {"runtime": 771}}