{"val_acc": 0.1597999930381775, "best_acc": 0.23499999940395355, "loss": 2.178727626800537, "_timestamp": 1713251108.3494663, "_runtime": 465.2759132385254, "_step": 21}