{"val_acc": 0.7672727704048157, "best_acc": 0.9284848570823669, "loss": 0.7774692177772522, "_timestamp": 1717716362.5104978, "_runtime": 780.0069677829742, "_step": 300, "_wandb": {"runtime": 779}}