{"val_acc": 0.09999999403953552, "best_acc": 0.12159999459981918, "loss": 2.305338144302368, "_timestamp": 1713753267.2906032, "_runtime": 262.34727811813354, "_step": 22}