{"val_acc": 0.9824000000953674, "best_acc": 0.9845999479293823, "loss": 0.05861448124051094, "_timestamp": 1716827940.872117, "_runtime": 2663.7761940956116, "_step": 1000, "_wandb": {"runtime": 2663}}