{"val_acc": 0.5965999960899353, "best_acc": 0.5965999960899353, "loss": 2.0374133586883545, "_timestamp": 1716783802.8156898, "_runtime": 32.99003076553345, "_step": 0}