{"val_acc": 0.09999999403953552, "best_acc": 0.12889999151229858, "loss": 2.3383066654205322, "_timestamp": 1713244475.1705756, "_runtime": 2232.465631723404, "_step": 107}