{"val_acc": 0.9812999963760376, "best_acc": 0.9824999570846558, "loss": 0.058174002915620804, "_timestamp": 1717127178.8842509, "_runtime": 5884.802969932556, "_step": 2000, "_wandb": {"runtime": 5884}}