{"val_acc": 0.9181999564170837, "best_acc": 0.9548999667167664, "loss": 0.3539855480194092, "_timestamp": 1717514270.9265819, "_runtime": 815.3257808685303, "_step": 300, "_wandb": {"runtime": 814}}