{"val_acc": 0.7232999801635742, "best_acc": 0.9893999695777893, "loss": 0.6114035844802856, "_timestamp": 1714026028.4536712, "_runtime": 5642.733878135681, "_step": 2000, "_wandb": {"runtime": 5642}}