{"val_acc": 0.7773737907409668, "best_acc": 0.9568687081336975, "loss": 0.5849411487579346, "_timestamp": 1717850813.7871323, "_runtime": 822.6771211624146, "_step": 300, "_wandb": {"runtime": 822}}