{"val_acc": 0.741111159324646, "best_acc": 0.9288889169692993, "loss": 1.0518373250961304, "_timestamp": 1717717899.554142, "_runtime": 758.8079578876495, "_step": 300, "_wandb": {"runtime": 757}}