{"val_acc": 0.9614141583442688, "best_acc": 0.9642424583435059, "loss": 0.1467147320508957, "_timestamp": 1717706258.7722118, "_runtime": 759.0305988788605, "_step": 300, "_wandb": {"runtime": 758}}