{"val_acc": 0.6951999664306641, "best_acc": 0.7038999795913696, "_timestamp": 1712967232.9565682, "_runtime": 13608.988563299179, "_step": 1000, "_wandb": {"runtime": 13608}}