{"val_acc": 0.22609999775886536, "best_acc": 0.22939999401569366, "loss": 2.0117006301879883, "_timestamp": 1713053743.7800388, "_runtime": 753.9257678985596, "_step": 35}