{"val_acc": 0.8950999975204468, "best_acc": 0.9369999766349792, "loss": 0.3508174419403076, "_timestamp": 1717554906.4109905, "_runtime": 735.3306593894958, "_step": 300, "_wandb": {"runtime": 734}}