{"val_acc": 0.9394999742507935, "best_acc": 0.9574999809265137, "loss": 0.279887318611145, "_timestamp": 1717587820.5368528, "_runtime": 822.2188818454742, "_step": 300, "_wandb": {"runtime": 821}}