{"val_acc": 0.4119192063808441, "best_acc": 0.8767676949501038, "loss": 1.5209565162658691, "_timestamp": 1717384635.9258478, "_runtime": 1305.6711218357086, "_step": 300, "_wandb": {"runtime": 1304}}