{"val_acc": 0.948888897895813, "best_acc": 0.964848518371582, "loss": 0.24071040749549866, "_timestamp": 1717714000.766347, "_runtime": 805.1663839817047, "_step": 300, "_wandb": {"runtime": 804}}