{"val_acc": 0.5992000102996826, "best_acc": 0.6839999556541443, "loss": 1.647222638130188, "_timestamp": 1717731468.353881, "_runtime": 837.9836139678955, "_step": 300, "_wandb": {"runtime": 837}}