{"val_acc": 0.11349999904632568, "best_acc": 0.7091999650001526, "loss": 2.3025832176208496, "_timestamp": 1716822524.4654393, "_runtime": 1639.9398124217987, "_step": 500, "_wandb": {"runtime": 1639}}