{"val_acc": 0.7895999550819397, "best_acc": 0.7931999564170837, "loss": 0.6409294009208679, "_timestamp": 1713889450.2197466, "_runtime": 21141.26734161377, "_step": 2000, "_wandb": {"runtime": 21140}}