{"val_acc": 0.5045999884605408, "best_acc": 0.8833999633789062, "loss": 1.447902798652649, "_timestamp": 1717889582.267076, "_runtime": 728.7585670948029, "_step": 300, "_wandb": {"runtime": 727}}