{"val_acc": 0.9319999814033508, "best_acc": 0.9509999752044678, "loss": 0.4121042788028717, "_timestamp": 1716358912.474714, "_runtime": 2818.755166053772, "_step": 167}