{"val_acc": 0.9203030467033386, "best_acc": 0.9509091377258301, "loss": 0.4278573989868164, "_timestamp": 1718386212.2427392, "_runtime": 2627.1329243183136, "_step": 1000, "_wandb": {"runtime": 2626}}