{"val_acc": 0.8979797959327698, "best_acc": 0.9386869072914124, "loss": 0.4464060664176941, "_timestamp": 1717790545.7350175, "_runtime": 1194.7641005516052, "_step": 300, "_wandb": {"runtime": 1194}}