{"val_acc": 0.9353535771369934, "best_acc": 0.9605050683021545, "loss": 0.21908672153949738, "_timestamp": 1717930428.7691438, "_runtime": 892.939386844635, "_step": 300, "_wandb": {"runtime": 892}}