{"val_acc": 0.26080000400543213, "best_acc": 0.26080000400543213, "loss": 2.1344025135040283, "_timestamp": 1715735521.2052448, "_runtime": 19.424449682235718, "_step": 0}