{"val_acc": 0.6483838558197021, "best_acc": 0.7062626481056213, "loss": 1.120267391204834, "_timestamp": 1717758858.3117354, "_runtime": 1151.8641154766083, "_step": 300, "_wandb": {"runtime": 1151}}