{"val_acc": 0.9540404081344604, "best_acc": 0.9622222781181335, "loss": 0.17780932784080505, "_timestamp": 1717846630.112776, "_runtime": 879.9591629505157, "_step": 300, "_wandb": {"runtime": 879}}