{"val_acc": 0.840505063533783, "best_acc": 0.9626262784004211, "loss": 0.418488472700119, "_timestamp": 1717689457.4387097, "_runtime": 817.2221987247467, "_step": 300, "_wandb": {"runtime": 816}}