{"val_acc": 0.895252525806427, "best_acc": 0.9663636684417725, "loss": 0.2471850961446762, "_timestamp": 1717776157.1960876, "_runtime": 828.4895377159119, "_step": 300, "_wandb": {"runtime": 827}}