{"val_acc": 0.9351515173912048, "best_acc": 0.9581818580627441, "loss": 0.21503470838069916, "_timestamp": 1718514711.2347023, "_runtime": 2804.1043903827667, "_step": 1000, "_wandb": {"runtime": 2803}}