{"val_acc": 0.6704999804496765, "best_acc": 0.6748999953269958, "loss": 0.9885066151618958, "_timestamp": 1713583944.3152742, "_runtime": 3101.1311712265015, "_step": 330}