{"val_acc": 0.9106060862541199, "best_acc": 0.9601010680198669, "loss": 0.37469205260276794, "_timestamp": 1717657054.3734708, "_runtime": 763.6026947498322, "_step": 300, "_wandb": {"runtime": 762}}