{"val_acc": 0.7032999992370605, "best_acc": 0.7208999991416931, "loss": 0.8815597295761108, "_timestamp": 1713130841.2088482, "_runtime": 16329.219023227692, "_step": 1000, "_wandb": {"runtime": 16328}}