{"val_acc": 0.945099949836731, "best_acc": 0.9663999676704407, "loss": 0.17747168242931366, "_timestamp": 1718500691.7040033, "_runtime": 2830.2654473781586, "_step": 1000, "_wandb": {"runtime": 2829}}