{"val_acc": 0.6072999835014343, "best_acc": 0.6408999562263489, "loss": 1.172110915184021, "_timestamp": 1713186915.5550492, "_runtime": 19115.292541265488, "_step": 1000, "_wandb": {"runtime": 19114}}