{"val_acc": 0.8241999745368958, "best_acc": 0.8865999579429626, "loss": 1.1044005155563354, "_timestamp": 1717138497.8085024, "_runtime": 11309.111551523209, "_step": 343, "_wandb": {"runtime": 11324}}