{"val_acc": 0.9695999622344971, "best_acc": 0.9740999937057495, "loss": 0.10091997683048248, "_timestamp": 1716822570.20433, "_runtime": 3236.252783060074, "_step": 1000, "_wandb": {"runtime": 3235}}