{"val_acc": 0.7063999772071838, "best_acc": 0.9246000051498413, "loss": 0.914368748664856, "_timestamp": 1717546510.1211517, "_runtime": 764.6245048046112, "_step": 300, "_wandb": {"runtime": 763}}