{"val_acc": 0.7963999509811401, "best_acc": 0.9231999516487122, "loss": 0.6609761118888855, "_timestamp": 1717827159.9302733, "_runtime": 1163.264196395874, "_step": 300, "_wandb": {"runtime": 1162}}