{"val_acc": 0.6467999815940857, "best_acc": 0.6467999815940857, "loss": 1.6013681888580322, "_timestamp": 1715924485.9053466, "_runtime": 13.84910774230957, "_step": 3}