{"val_acc": 0.9361000061035156, "best_acc": 0.9426999688148499, "loss": 0.22367264330387115, "_timestamp": 1714743541.36631, "_runtime": 25754.266858816147, "_step": 2000, "_wandb": {"runtime": 25753}}