{"val_acc": 0.8759596347808838, "best_acc": 0.9623232483863831, "loss": 0.4331720769405365, "_timestamp": 1717812749.9986975, "_runtime": 1287.7155666351318, "_step": 300, "_wandb": {"runtime": 1286}}