{"val_acc": 0.9477778077125549, "best_acc": 0.9603030681610107, "loss": 0.2048989087343216, "_timestamp": 1717812509.3852568, "_runtime": 1047.1021258831024, "_step": 245}