{"val_acc": 0.882099986076355, "best_acc": 0.9407999515533447, "loss": 0.39353299140930176, "_timestamp": 1718287227.993229, "_runtime": 2556.414986848831, "_step": 1000, "_wandb": {"runtime": 2555}}