{"val_acc": 0.9266999959945679, "best_acc": 0.9615999460220337, "loss": 0.2623904347419739, "_timestamp": 1717381682.2657223, "_runtime": 833.8253161907196, "_step": 300, "_wandb": {"runtime": 833}}