{"val_acc": 0.8150999546051025, "best_acc": 0.9317999482154846, "loss": 0.9290374517440796, "_timestamp": 1717515864.6408617, "_runtime": 772.2250068187714, "_step": 300, "_wandb": {"runtime": 770}}