{"val_acc": 0.9052000045776367, "best_acc": 0.9335999488830566, "loss": 0.7948190569877625, "_timestamp": 1717563368.691338, "_runtime": 855.9037790298462, "_step": 300, "_wandb": {"runtime": 854}}