{"val_acc": 0.8878999948501587, "best_acc": 0.8878999948501587, "loss": 0.41052284836769104, "_timestamp": 1715910999.6245573, "_runtime": 424.7296242713928, "_step": 21}