{"val_acc": 0.44349998235702515, "best_acc": 0.8011999726295471, "loss": 1.960892915725708, "_timestamp": 1717598645.86751, "_runtime": 714.5240709781647, "_step": 300, "_wandb": {"runtime": 713}}