{"val_acc": 0.8553999662399292, "best_acc": 0.9440999627113342, "loss": 0.47672244906425476, "_timestamp": 1717522849.9573982, "_runtime": 777.4410331249237, "_step": 300, "_wandb": {"runtime": 776}}