{"val_acc": 0.7689999938011169, "best_acc": 0.7739999890327454, "loss": 0.7127895951271057, "_timestamp": 1713114502.3052227, "_runtime": 16442.856212854385, "_step": 1000, "_wandb": {"runtime": 16442}}