{"val_acc": 0.9547474980354309, "best_acc": 0.9647474884986877, "loss": 0.18657445907592773, "_timestamp": 1717844040.6742458, "_runtime": 819.2336957454681, "_step": 300, "_wandb": {"runtime": 818}}