{"val_acc": 0.10799999535083771, "best_acc": 0.8610000014305115, "loss": 2.4484469890594482, "_timestamp": 1717597922.9751158, "_runtime": 714.6096658706665, "_step": 300, "_wandb": {"runtime": 713}}