{"val_acc": 0.9178999662399292, "best_acc": 0.9217999577522278, "loss": 0.47941267490386963, "_timestamp": 1716927171.3762364, "_runtime": 5824.797212362289, "_step": 500, "_wandb": {"runtime": 5824}}