{"val_acc": 0.8174747824668884, "best_acc": 0.9370707273483276, "loss": 0.5923489332199097, "_timestamp": 1717903303.078021, "_runtime": 864.1765019893646, "_step": 300, "_wandb": {"runtime": 863}}