{"val_acc": 0.11349999904632568, "best_acc": 0.847000002861023, "loss": 2.3025832176208496, "_timestamp": 1717594205.2282135, "_runtime": 781.5127584934235, "_step": 300, "_wandb": {"runtime": 780}}