{"val_acc": 0.7181000113487244, "best_acc": 0.7325999736785889, "loss": 0.8554201126098633, "_timestamp": 1713224277.4087276, "_runtime": 18550.9743976593, "_step": 1000, "_wandb": {"runtime": 18550}}