{"val_acc": 0.9380999803543091, "best_acc": 0.9411999583244324, "loss": 0.2117290049791336, "_timestamp": 1716267862.3515472, "_runtime": 85.51979732513428, "_step": 10}