{"val_acc": 0.45339998602867126, "best_acc": 0.7080999612808228, "loss": 1.9481229782104492, "_timestamp": 1718621110.3432608, "_runtime": 2776.3749158382416, "_step": 1000, "_wandb": {"runtime": 2775}}