{"val_acc": 0.9732999801635742, "best_acc": 0.977899968624115, "loss": 0.09320574998855591, "_timestamp": 1716830635.059398, "_runtime": 2686.348587989807, "_step": 1000, "_wandb": {"runtime": 2685}}