{"val_acc": 0.6306999921798706, "_timestamp": 1712691571.152308, "_runtime": 8519.539450883865, "_step": 500, "_wandb": {"runtime": 8518}}