{"val_acc": 0.6836999654769897, "best_acc": 0.7073000073432922, "_timestamp": 1712953613.672928, "_runtime": 13527.590434074402, "_step": 1000, "_wandb": {"runtime": 13526}}