{"val_acc": 0.4194999933242798, "best_acc": 0.43459999561309814, "loss": 1.6124683618545532, "_timestamp": 1713474374.7747085, "_runtime": 1712.5238564014435, "_step": 115}