{"val_acc": 0.6935999989509583, "best_acc": 0.7465999722480774, "loss": 0.9280374050140381, "_timestamp": 1713631756.0868793, "_runtime": 10353.011679172516, "_step": 1000, "_wandb": {"runtime": 10352}}