{"val_acc": 0.802899956703186, "best_acc": 0.802899956703186, "loss": 0.6265827417373657, "_timestamp": 1713641608.0018504, "_runtime": 9839.62426829338, "_step": 1000, "_wandb": {"runtime": 9838}}