{"val_acc": 0.6978788375854492, "best_acc": 0.9373737573623657, "loss": 0.734459638595581, "_timestamp": 1717788157.439511, "_runtime": 1161.0878431797028, "_step": 300, "_wandb": {"runtime": 1160}}