{"val_acc": 0.7865999937057495, "best_acc": 0.7865999937057495, "loss": 1.0230112075805664, "_timestamp": 1718519173.157858, "_runtime": 166.5363187789917, "_step": 4}