{"val_acc": 0.4837999939918518, "best_acc": 0.5205000042915344, "loss": 1.4880679845809937, "_timestamp": 1713205707.3334699, "_runtime": 18779.269444942474, "_step": 1000, "_wandb": {"runtime": 18778}}