{"val_acc": 0.9537373781204224, "best_acc": 0.9573737382888794, "loss": 0.20494644343852997, "_timestamp": 1718388846.5929048, "_runtime": 2625.16836977005, "_step": 1000, "_wandb": {"runtime": 2624}}