{"val_acc": 0.9537999629974365, "best_acc": 0.9662999510765076, "loss": 0.23503722250461578, "_timestamp": 1716396118.0559633, "_runtime": 1333.1771523952484, "_step": 200, "_wandb": {"runtime": 1332}}