{"val_acc": 0.4528282880783081, "best_acc": 0.7423232793807983, "loss": 1.5060280561447144, "_timestamp": 1717672261.9023445, "_runtime": 749.8990733623505, "_step": 300, "_wandb": {"runtime": 749}}