{"val_acc": 0.39818182587623596, "best_acc": 0.859798014163971, "loss": 1.5403566360473633, "_timestamp": 1717668482.8043299, "_runtime": 754.0679678916931, "_step": 300, "_wandb": {"runtime": 753}}