{"val_acc": 0.8095999956130981, "best_acc": 0.868399977684021, "loss": 1.1161468029022217, "_timestamp": 1717218498.8065467, "_runtime": 6996.455212593079, "_step": 217}