{"val_acc": 0.8764999508857727, "best_acc": 0.883899986743927, "loss": 0.46767255663871765, "_timestamp": 1726541923.5019977, "_runtime": 2398.095660686493, "_step": 500, "_wandb": {"runtime": 2397}}