{"val_acc": 0.3538999855518341, "best_acc": 0.8835999965667725, "loss": 1.6708877086639404, "_timestamp": 1718627866.3473823, "_runtime": 2560.2808763980865, "_step": 1000, "_wandb": {"runtime": 2559}}