{"val_acc": 0.9055999517440796, "best_acc": 0.9608999490737915, "loss": 0.303956001996994, "_timestamp": 1717823540.9976377, "_runtime": 1315.1058218479156, "_step": 300, "_wandb": {"runtime": 1314}}