{"val_acc": 0.9331313371658325, "best_acc": 0.9609091281890869, "loss": 0.21595217287540436, "_timestamp": 1717910229.5713487, "_runtime": 832.1075127124786, "_step": 300, "_wandb": {"runtime": 831}}