{"val_acc": 0.9503030776977539, "best_acc": 0.9642424583435059, "loss": 0.19155314564704895, "_timestamp": 1717702311.4994175, "_runtime": 802.1317026615143, "_step": 300, "_wandb": {"runtime": 801}}