{"val_acc": 0.7888999581336975, "best_acc": 0.9329999685287476, "loss": 0.6241388320922852, "_timestamp": 1717515082.599663, "_runtime": 779.3192369937897, "_step": 300, "_wandb": {"runtime": 778}}