{"val_acc": 0.7055999636650085, "best_acc": 0.7594000101089478, "loss": 1.372962236404419, "_timestamp": 1717377407.0407543, "_runtime": 451.09760427474976, "_step": 103}