{"val_acc": 0.64161616563797, "best_acc": 0.9220202565193176, "loss": 0.858083963394165, "_timestamp": 1717629292.3260088, "_runtime": 790.449052810669, "_step": 300, "_wandb": {"runtime": 789}}