{"val_acc": 0.9333999752998352, "best_acc": 0.9508000016212463, "loss": 0.29342344403266907, "_timestamp": 1717887357.5087323, "_runtime": 739.4721422195435, "_step": 300, "_wandb": {"runtime": 738}}