{"val_acc": 0.17180000245571136, "best_acc": 0.17180000245571136, "loss": 2.3352444171905518, "_timestamp": 1718197493.0686479, "_runtime": 5.713320970535278, "_step": 0, "_wandb": {"runtime": 6}}