{"val_acc": 0.953499972820282, "best_acc": 0.9675999879837036, "loss": 0.1937563121318817, "_timestamp": 1716367790.9444668, "_runtime": 2931.9940888881683, "_step": 500, "_wandb": {"runtime": 2931}}