{"val_acc": 0.827373743057251, "best_acc": 0.9539394378662109, "loss": 0.5150701999664307, "_timestamp": 1717906781.4047043, "_runtime": 863.4325182437897, "_step": 300, "_wandb": {"runtime": 862}}