{"val_acc": 0.9634999632835388, "best_acc": 0.967199981212616, "loss": 0.14147837460041046, "_timestamp": 1716383670.2489624, "_runtime": 2384.0375463962555, "_step": 425}