{"val_acc": 0.8810999989509583, "best_acc": 0.9371999502182007, "loss": 0.41179129481315613, "_timestamp": 1717557883.2044518, "_runtime": 744.6444907188416, "_step": 300, "_wandb": {"runtime": 743}}