{"val_acc": 0.6750999689102173, "best_acc": 0.772599995136261, "loss": 1.9573079347610474, "_timestamp": 1717188461.8507159, "_runtime": 20859.803444862366, "_step": 300, "_wandb": {"runtime": 20859}}