{"val_acc": 0.972599983215332, "best_acc": 0.9745999574661255, "loss": 0.0935044139623642, "_timestamp": 1718460650.615586, "_runtime": 2811.6345670223236, "_step": 1000, "_wandb": {"runtime": 2811}}