{"val_acc": 0.8158999681472778, "best_acc": 0.932699978351593, "loss": 0.8008756041526794, "_timestamp": 1717895375.072878, "_runtime": 706.5061028003693, "_step": 300, "_wandb": {"runtime": 705}}