{"val_acc": 0.8120202422142029, "best_acc": 0.9511111378669739, "loss": 0.735573410987854, "_timestamp": 1717904176.4356084, "_runtime": 865.6000213623047, "_step": 300, "_wandb": {"runtime": 864}}