{"val_acc": 0.4749999940395355, "best_acc": 0.7878999710083008, "loss": 1.412236213684082, "_timestamp": 1717596475.8254392, "_runtime": 711.8009052276611, "_step": 300, "_wandb": {"runtime": 711}}