{"val_acc": 0.9524999856948853, "best_acc": 0.9545999765396118, "loss": 0.2114228904247284, "_timestamp": 1718312932.5429225, "_runtime": 2562.258430480957, "_step": 1000, "_wandb": {"runtime": 2561}}