{"val_acc": 0.7489899396896362, "best_acc": 0.7961616516113281, "loss": 1.2956914901733398, "_timestamp": 1717287420.6820421, "_runtime": 20702.44872522354, "_step": 300, "_wandb": {"runtime": 20701}}