{"val_acc": 0.9296969771385193, "best_acc": 0.9652525782585144, "loss": 0.23984050750732422, "_timestamp": 1717476934.013436, "_runtime": 1369.6416840553284, "_step": 500, "_wandb": {"runtime": 1368}}