{"val_acc": 0.935757577419281, "best_acc": 0.9460606575012207, "loss": 0.32802724838256836, "_timestamp": 1718378305.6134038, "_runtime": 2689.5307466983795, "_step": 1000, "_wandb": {"runtime": 2688}}