{"val_acc": 0.9305999875068665, "best_acc": 0.94159996509552, "loss": 0.3220871090888977, "_timestamp": 1718540845.4880013, "_runtime": 2547.8263244628906, "_step": 1000, "_wandb": {"runtime": 2547}}