{"val_acc": 0.7337999939918518, "best_acc": 0.8938999772071838, "loss": 0.9431692361831665, "_timestamp": 1717893934.4175718, "_runtime": 713.2507526874542, "_step": 300, "_wandb": {"runtime": 712}}