{"val_acc": 0.6036999821662903, "best_acc": 0.6202999949455261, "loss": 1.124255895614624, "_timestamp": 1717733114.3711476, "_runtime": 814.2428026199341, "_step": 300, "_wandb": {"runtime": 813}}