{"val_acc": 0.5148999691009521, "_timestamp": 1712683041.694314, "_runtime": 8536.181181907654, "_step": 500, "_wandb": {"runtime": 8535}}