{"val_acc": 0.9169999957084656, "best_acc": 0.9300999641418457, "loss": 0.45884525775909424, "_timestamp": 1718630616.2624702, "_runtime": 2737.979067325592, "_step": 1000, "_wandb": {"runtime": 2737}}