{"val_acc": 0.9469999670982361, "best_acc": 0.9469999670982361, "loss": 0.17565540969371796, "_timestamp": 1716268016.1437328, "_runtime": 85.12369179725647, "_step": 12}