{"val_acc": 0.4415999948978424, "best_acc": 0.6010000109672546, "loss": 1.4885194301605225, "_timestamp": 1717732289.1158824, "_runtime": 810.9249174594879, "_step": 300, "_wandb": {"runtime": 809}}