{"val_acc": 0.8744444847106934, "best_acc": 0.9650505185127258, "loss": 0.29962873458862305, "_timestamp": 1717775319.241305, "_runtime": 827.1750800609589, "_step": 300, "_wandb": {"runtime": 826}}