{"val_acc": 0.5456565618515015, "best_acc": 0.7307071089744568, "loss": 1.0746532678604126, "_timestamp": 1717760028.8109372, "_runtime": 1161.8532841205597, "_step": 300, "_wandb": {"runtime": 1161}}