{"val_acc": 0.8982828855514526, "best_acc": 0.9430303573608398, "loss": 0.38405564427375793, "_timestamp": 1717695939.4266179, "_runtime": 791.8476507663727, "_step": 300, "_wandb": {"runtime": 791}}