{"val_acc": 0.9101999998092651, "best_acc": 0.9352999925613403, "loss": 0.560469925403595, "_timestamp": 1718315388.2142527, "_runtime": 2444.962577819824, "_step": 1000, "_wandb": {"runtime": 2444}}