{"val_acc": 0.11309999972581863, "best_acc": 0.19789999723434448, "loss": 2.369781970977783, "_timestamp": 1717459555.209927, "_runtime": 1107.2061569690704, "_step": 500, "_wandb": {"runtime": 1106}}