{"val_acc": 0.9211111664772034, "best_acc": 0.9327272772789001, "loss": 0.6928719282150269, "_timestamp": 1717650883.6953745, "_runtime": 757.4769945144653, "_step": 300, "_wandb": {"runtime": 756}}