{"val_acc": 0.8036999702453613, "best_acc": 0.9296000003814697, "loss": 0.6514936685562134, "_timestamp": 1716784434.4430983, "_runtime": 599.9143142700195, "_step": 200, "_wandb": {"runtime": 599}}