{"val_acc": 0.24329999089241028, "best_acc": 0.36149999499320984, "loss": 2.291400194168091, "_timestamp": 1726131759.9117498, "_runtime": 17244.83056783676, "_step": 500, "_wandb": {"runtime": 17244}}