{"val_acc": 0.28767678141593933, "best_acc": 0.8710101246833801, "loss": 1.6389886140823364, "_timestamp": 1717720906.5941522, "_runtime": 733.6330711841583, "_step": 300, "_wandb": {"runtime": 733}}