{"val_acc": 0.9266999959945679, "best_acc": 0.9285999536514282, "loss": 0.2703755795955658, "_timestamp": 1726365869.8927836, "_runtime": 1590.5490217208862, "_step": 500, "_wandb": {"runtime": 1589}}