{"val_acc": 0.9484999775886536, "best_acc": 0.9564999938011169, "loss": 0.22055506706237793, "_timestamp": 1716882216.2625506, "_runtime": 1346.1062035560608, "_step": 500, "_wandb": {"runtime": 1345}}