{"val_acc": 0.8902999758720398, "best_acc": 0.8951999545097351, "loss": 0.4548654556274414, "_timestamp": 1714096524.5435903, "_runtime": 3775.336076259613, "_step": 2000, "_wandb": {"runtime": 3774}}