{"val_acc": 0.4027999937534332, "best_acc": 0.43299999833106995, "loss": 1.6043685674667358, "_timestamp": 1713434235.4466925, "_runtime": 1045.5219373703003, "_step": 91}