{"val_acc": 0.9560999870300293, "best_acc": 0.9663999676704407, "loss": 0.19477872550487518, "_timestamp": 1716401105.6450431, "_runtime": 1068.6403410434723, "_step": 200, "_wandb": {"runtime": 1068}}