{"val_acc": 0.8853999972343445, "best_acc": 0.8853999972343445, "loss": 0.6310010552406311, "_timestamp": 1717583461.2611763, "_runtime": 114.24436330795288, "_step": 11}