{"val_acc": 0.5515999794006348, "best_acc": 0.9226999878883362, "loss": 1.3514667749404907, "_timestamp": 1717589352.4330602, "_runtime": 731.0291972160339, "_step": 300, "_wandb": {"runtime": 730}}