{"val_acc": 0.9352999925613403, "best_acc": 0.9741999506950378, "loss": 0.1951671540737152, "_timestamp": 1718692820.6010356, "_runtime": 4326.028554677963, "_step": 1000, "_wandb": {"runtime": 4325}}