{"val_acc": 0.9283838868141174, "best_acc": 0.9611111283302307, "loss": 0.38304322957992554, "_timestamp": 1717703914.3489563, "_runtime": 787.412534236908, "_step": 300, "_wandb": {"runtime": 786}}