{"val_acc": 0.3933999836444855, "best_acc": 0.9041000008583069, "loss": 1.7050490379333496, "_timestamp": 1718588855.1265678, "_runtime": 2625.0418677330017, "_step": 1000, "_wandb": {"runtime": 2624}}