{"val_acc": 0.9216161966323853, "best_acc": 0.9429293274879456, "loss": 0.3213149905204773, "_timestamp": 1717683093.675279, "_runtime": 796.7843480110168, "_step": 300, "_wandb": {"runtime": 796}}