{"val_acc": 0.9793999791145325, "best_acc": 0.9801999926567078, "loss": 0.06603832542896271, "_timestamp": 1716854914.5427601, "_runtime": 1461.1905961036682, "_step": 500, "_wandb": {"runtime": 1460}}