{"val_acc": 0.9354999661445618, "best_acc": 0.9536999464035034, "loss": 0.2495827078819275, "_timestamp": 1717579153.1462693, "_runtime": 804.2273442745209, "_step": 300, "_wandb": {"runtime": 803}}