{"val_acc": 0.9119192361831665, "best_acc": 0.9459596276283264, "loss": 0.34153443574905396, "_timestamp": 1717682289.8889863, "_runtime": 792.7405393123627, "_step": 300, "_wandb": {"runtime": 792}}