{"val_acc": 0.814242422580719, "best_acc": 0.9079798460006714, "loss": 0.7686440944671631, "_timestamp": 1717786989.4007545, "_runtime": 1194.987107515335, "_step": 300, "_wandb": {"runtime": 1194}}