{"val_acc": 0.7802020311355591, "best_acc": 0.9238384366035461, "loss": 0.7720947265625, "_timestamp": 1717937117.351205, "_runtime": 739.2130270004272, "_step": 300, "_wandb": {"runtime": 738}}