{"val_acc": 0.9629999995231628, "best_acc": 0.9865999817848206, "loss": 0.15321135520935059, "_timestamp": 1716180528.7702556, "_runtime": 42469.83562064171, "_step": 2000, "_wandb": {"runtime": 42469}}