{"val_acc": 0.43699997663497925, "best_acc": 0.5762999653816223, "loss": 1.7220168113708496, "_timestamp": 1717736805.7493858, "_runtime": 709.103985786438, "_step": 300, "_wandb": {"runtime": 708}}