{"val_acc": 0.9303999543190002, "best_acc": 0.9550999999046326, "loss": 0.3035731017589569, "_timestamp": 1717522055.9110994, "_runtime": 788.1136155128479, "_step": 300, "_wandb": {"runtime": 787}}