{"val_acc": 0.9527999758720398, "best_acc": 0.9648000001907349, "loss": 0.1993890255689621, "_timestamp": 1716793052.138026, "_runtime": 1684.387657880783, "_step": 200, "_wandb": {"runtime": 1683}}