{"val_acc": 0.9386999607086182, "best_acc": 0.9578999876976013, "loss": 0.22336794435977936, "_timestamp": 1718520291.8451846, "_runtime": 3167.510966539383, "_step": 1000, "_wandb": {"runtime": 3166}}