{"val_acc": 0.9501010179519653, "best_acc": 0.9636363983154297, "loss": 0.21754974126815796, "_timestamp": 1717657825.7304556, "_runtime": 762.0840585231781, "_step": 300, "_wandb": {"runtime": 761}}