{"val_acc": 0.8682000041007996, "best_acc": 0.8847000002861023, "loss": 0.501843273639679, "_timestamp": 1726537453.9596364, "_runtime": 1842.7003693580627, "_step": 500, "_wandb": {"runtime": 1841}}