{"val_acc": 0.1517171710729599, "best_acc": 0.8928282856941223, "loss": 2.1752238273620605, "_timestamp": 1717666209.9323273, "_runtime": 746.9494483470917, "_step": 300, "_wandb": {"runtime": 746}}