{"val_acc": 0.9015151858329773, "best_acc": 0.9447475075721741, "loss": 0.46283915638923645, "_timestamp": 1717849155.6123316, "_runtime": 824.1029286384583, "_step": 300, "_wandb": {"runtime": 823}}