{"val_acc": 0.9608999490737915, "best_acc": 0.9679999947547913, "loss": 0.14254148304462433, "_timestamp": 1716397761.3694677, "_runtime": 1625.8296067714691, "_step": 200, "_wandb": {"runtime": 1625}}