{"val_acc": 0.8243434429168701, "best_acc": 0.9643434882164001, "loss": 0.4780102074146271, "_timestamp": 1717783740.3556159, "_runtime": 832.5567009449005, "_step": 300, "_wandb": {"runtime": 832}}