{"val_acc": 0.8186999559402466, "best_acc": 0.9302999973297119, "loss": 0.7988451719284058, "_timestamp": 1717565988.6991735, "_runtime": 864.9487073421478, "_step": 300, "_wandb": {"runtime": 863}}