{"val_acc": 0.8812999725341797, "best_acc": 0.9068999886512756, "loss": 0.5109866857528687, "_timestamp": 1716817456.777257, "_runtime": 127.72044706344604, "_step": 13}