{"val_acc": 0.6853535771369934, "best_acc": 0.9087879061698914, "loss": 0.9880302548408508, "_timestamp": 1717647709.8333158, "_runtime": 786.329108953476, "_step": 300, "_wandb": {"runtime": 785}}