{"val_acc": 0.9788999557495117, "best_acc": 0.9809999465942383, "loss": 0.06578726321458817, "_timestamp": 1717115395.6778998, "_runtime": 5812.97031378746, "_step": 2000, "_wandb": {"runtime": 5812}}