{"val_acc": 0.9229999780654907, "best_acc": 0.9386999607086182, "loss": 0.3683151602745056, "_timestamp": 1718535656.3609006, "_runtime": 2597.008168697357, "_step": 1000, "_wandb": {"runtime": 2596}}