{"val_acc": 0.8061999678611755, "best_acc": 0.9101999998092651, "loss": 1.0415308475494385, "_timestamp": 1717858515.65597, "_runtime": 1267.5874981880188, "_step": 300, "_wandb": {"runtime": 1267}}