{"val_acc": 0.4221999943256378, "best_acc": 0.439300000667572, "loss": 1.578965187072754, "_timestamp": 1713531026.2852123, "_runtime": 2317.8705682754517, "_step": 98}