{"val_acc": 0.210099995136261, "best_acc": 0.23359999060630798, "loss": 2.2381255626678467, "_timestamp": 1713337861.0095887, "_runtime": 322.6014187335968, "_step": 14}