{"val_acc": 0.530707061290741, "best_acc": 0.768484890460968, "loss": 1.4924474954605103, "_timestamp": 1717673022.9037044, "_runtime": 753.1924374103546, "_step": 300, "_wandb": {"runtime": 752}}