{"val_acc": 0.975454568862915, "best_acc": 0.9763636589050293, "loss": 0.0808425024151802, "_timestamp": 1718399046.925948, "_runtime": 2504.986154794693, "_step": 1000, "_wandb": {"runtime": 2504}}