{"val_acc": 0.9589999914169312, "best_acc": 0.965399980545044, "loss": 0.13487567007541656, "_timestamp": 1717498749.994319, "_runtime": 1415.5427100658417, "_step": 500, "_wandb": {"runtime": 1414}}