{"val_acc": 0.9337999820709229, "best_acc": 0.9373999834060669, "loss": 0.24705173075199127, "_timestamp": 1726198602.4717762, "_runtime": 11650.875356197357, "_step": 339}