{"val_acc": 0.8712121248245239, "best_acc": 0.9265657067298889, "loss": 0.5337761640548706, "_timestamp": 1717685460.963345, "_runtime": 779.0624670982361, "_step": 300, "_wandb": {"runtime": 778}}