{"val_acc": 0.7988889217376709, "best_acc": 0.946969747543335, "loss": 0.5768198370933533, "_timestamp": 1717693534.598104, "_runtime": 791.4618809223175, "_step": 300, "_wandb": {"runtime": 790}}