{"val_acc": 0.8668687343597412, "best_acc": 0.9331313371658325, "loss": 0.6528157591819763, "_timestamp": 1717934042.3529975, "_runtime": 806.4980256557465, "_step": 300, "_wandb": {"runtime": 805}}