{"val_acc": 0.8677778244018555, "best_acc": 0.9686868786811829, "loss": 0.31961899995803833, "_timestamp": 1717465360.558583, "_runtime": 1505.819077014923, "_step": 500, "_wandb": {"runtime": 1504}}