{"val_acc": 0.2985999882221222, "best_acc": 0.3431999981403351, "loss": 1.9699009656906128, "_timestamp": 1713427878.564907, "_runtime": 477.06868600845337, "_step": 46}