{"val_acc": 0.9311111569404602, "best_acc": 0.9661616683006287, "loss": 0.3033696115016937, "_timestamp": 1717779517.1779392, "_runtime": 833.9399292469025, "_step": 300, "_wandb": {"runtime": 833}}