{"val_acc": 0.8618999719619751, "best_acc": 0.9093999862670898, "loss": 0.7816240787506104, "_timestamp": 1717557128.4678526, "_runtime": 723.1041715145111, "_step": 300, "_wandb": {"runtime": 722}}