{"val_acc": 0.5679000020027161, "best_acc": 0.5961999893188477, "loss": 1.2287976741790771, "_timestamp": 1713620820.5474007, "_runtime": 3649.1816437244415, "_step": 348}