{"val_acc": 0.8464646935462952, "best_acc": 0.926868736743927, "loss": 0.6353326439857483, "_timestamp": 1717650117.2035286, "_runtime": 788.0648066997528, "_step": 300, "_wandb": {"runtime": 787}}