{"val_acc": 0.7039999961853027, "best_acc": 0.7361999750137329, "loss": 0.9031962752342224, "_timestamp": 1713412782.8118572, "_runtime": 10464.715924263, "_step": 669}