{"val_acc": 0.7805999517440796, "best_acc": 0.7930999994277954, "loss": 0.6823427677154541, "_timestamp": 1713391172.938363, "_runtime": 14922.456974983215, "_step": 1000, "_wandb": {"runtime": 14921}}