{"val_acc": 0.9288889169692993, "best_acc": 0.9627273082733154, "loss": 0.30022865533828735, "_timestamp": 1717782049.0195208, "_runtime": 839.4435858726501, "_step": 300, "_wandb": {"runtime": 838}}