{"val_acc": 0.6996970176696777, "best_acc": 0.9187878966331482, "loss": 1.16397225856781, "_timestamp": 1717785782.0618396, "_runtime": 1193.517909526825, "_step": 300, "_wandb": {"runtime": 1192}}