{"val_acc": 0.9241999983787537, "best_acc": 0.967799961566925, "loss": 0.2555389702320099, "_timestamp": 1717501474.9960089, "_runtime": 1363.1559088230133, "_step": 500, "_wandb": {"runtime": 1362}}