{"val_acc": 0.22529999911785126, "best_acc": 0.22529999911785126, "loss": 2.2307467460632324, "_timestamp": 1717582729.905579, "_runtime": 5.409121990203857, "_step": 0, "_wandb": {"runtime": 6}}