{"val_acc": 0.8033333420753479, "best_acc": 0.9179798364639282, "loss": 0.7733897566795349, "_timestamp": 1717639721.6249897, "_runtime": 786.4289076328278, "_step": 300, "_wandb": {"runtime": 785}}