{"val_acc": 0.9132999777793884, "best_acc": 0.9202999472618103, "loss": 0.5466118454933167, "_timestamp": 1716921328.469604, "_runtime": 14878.066997051239, "_step": 500, "_wandb": {"runtime": 14877}}