{"val_acc": 0.7892929315567017, "best_acc": 0.9540404081344604, "loss": 0.8053556680679321, "_timestamp": 1717905911.1541498, "_runtime": 861.0801286697388, "_step": 300, "_wandb": {"runtime": 860}}