{"val_acc": 0.5393999814987183, "best_acc": 0.5393999814987183, "_timestamp": 1712754376.8890238, "_runtime": 8736.675369739532, "_step": 500, "_wandb": {"runtime": 8736}}