{"val_acc": 0.8064000010490417, "best_acc": 0.8111000061035156, "loss": 0.5924690961837769, "_timestamp": 1713806356.8718412, "_runtime": 21195.73641729355, "_step": 2000, "_wandb": {"runtime": 21195}}