{"val_acc": 0.9625999927520752, "best_acc": 0.9655999541282654, "loss": 0.13266035914421082, "_timestamp": 1716418134.5353315, "_runtime": 2234.1685044765472, "_step": 200, "_wandb": {"runtime": 2233}}