{"val_acc": 0.18019999563694, "best_acc": 0.18019999563694, "loss": 2.247081756591797, "_timestamp": 1717510436.3105712, "_runtime": 6.0613181591033936, "_step": 0, "_wandb": {"runtime": 7}}