{"val_acc": 0.9558999538421631, "best_acc": 0.9680999517440796, "loss": 0.19333462417125702, "_timestamp": 1716406538.9228194, "_runtime": 1622.9341423511505, "_step": 200, "_wandb": {"runtime": 1622}}