{"val_acc": 0.8424242734909058, "best_acc": 0.9294949769973755, "loss": 0.6026867032051086, "_timestamp": 1717634108.3703775, "_runtime": 794.4851026535034, "_step": 300, "_wandb": {"runtime": 793}}