{"val_acc": 0.5281000137329102, "best_acc": 0.5424999594688416, "loss": 1.3336650133132935, "_timestamp": 1713250544.0407856, "_runtime": 4069.668585538864, "_step": 216}