{"val_acc": 0.8753535747528076, "best_acc": 0.9479798078536987, "loss": 0.37234416604042053, "_timestamp": 1717715574.4753747, "_runtime": 776.3464457988739, "_step": 300, "_wandb": {"runtime": 775}}