{"val_acc": 0.9212999939918518, "best_acc": 0.9418999552726746, "loss": 0.33764997124671936, "_timestamp": 1718543409.3638332, "_runtime": 2555.372782230377, "_step": 1000, "_wandb": {"runtime": 2554}}