{"val_acc": 0.9613131880760193, "best_acc": 0.9682828783988953, "loss": 0.14603191614151, "_timestamp": 1717471260.7474544, "_runtime": 1469.9136505126953, "_step": 500, "_wandb": {"runtime": 1469}}