{"val_acc": 0.7369697093963623, "best_acc": 0.8079798221588135, "loss": 1.4936774969100952, "_timestamp": 1717266709.6377966, "_runtime": 20824.81803059578, "_step": 300, "_wandb": {"runtime": 20824}}