{"val_acc": 0.7936363816261292, "best_acc": 0.9018182158470154, "loss": 0.9901183843612671, "_timestamp": 1717642919.7504828, "_runtime": 775.6048057079315, "_step": 300, "_wandb": {"runtime": 774}}