{"val_acc": 0.912020206451416, "best_acc": 0.9282828569412231, "loss": 0.3968799412250519, "_timestamp": 1717794121.4318817, "_runtime": 1170.9921207427979, "_step": 300, "_wandb": {"runtime": 1170}}