{"val_acc": 0.35989999771118164, "best_acc": 0.40629997849464417, "loss": 1.7352139949798584, "_timestamp": 1716663427.9956129, "_runtime": 61589.33821797371, "_step": 2000, "_wandb": {"runtime": 61588}}