{"val_acc": 0.698199987411499, "best_acc": 0.7109999656677246, "_timestamp": 1712940046.8969219, "_runtime": 13730.328058958054, "_step": 1000, "_wandb": {"runtime": 13729}}