{"val_acc": 0.6882999539375305, "best_acc": 0.6958999633789062, "_timestamp": 1712926307.216886, "_runtime": 13658.31749510765, "_step": 1000, "_wandb": {"runtime": 13657}}