{"val_acc": 0.9351999759674072, "best_acc": 0.9490000009536743, "loss": 0.25955426692962646, "_timestamp": 1716447357.031699, "_runtime": 1012.5849108695984, "_step": 67}