{"val_acc": 0.912020206451416, "best_acc": 0.9300000071525574, "loss": 0.6232333183288574, "_timestamp": 1717939368.64844, "_runtime": 738.0675628185272, "_step": 300, "_wandb": {"runtime": 737}}