{"val_acc": 0.7859596014022827, "best_acc": 0.7982828617095947, "loss": 1.5809636116027832, "_timestamp": 1717308340.3810914, "_runtime": 20908.520490407944, "_step": 300, "_wandb": {"runtime": 20907}}