{"val_acc": 0.8424242734909058, "best_acc": 0.956161618232727, "loss": 0.42840155959129333, "_timestamp": 1717814051.5739336, "_runtime": 1291.3340265750885, "_step": 300, "_wandb": {"runtime": 1290}}