{"val_acc": 0.8144999742507935, "best_acc": 0.9294999837875366, "loss": 0.7356637120246887, "_timestamp": 1718294920.1447158, "_runtime": 2552.3249979019165, "_step": 1000, "_wandb": {"runtime": 2551}}