{"val_acc": 0.9238999485969543, "best_acc": 0.9377999901771545, "loss": 0.44394969940185547, "_timestamp": 1717031899.649897, "_runtime": 5418.6348741054535, "_step": 76}