{"val_acc": 0.5593000054359436, "best_acc": 0.5593000054359436, "loss": 1.3945435285568237, "_timestamp": 1715834855.5251563, "_runtime": 167.5779161453247, "_step": 1}