{"val_acc": 0.7526999711990356, "best_acc": 0.9282999634742737, "loss": 0.6718466281890869, "_timestamp": 1717897555.706629, "_runtime": 719.1251389980316, "_step": 300, "_wandb": {"runtime": 718}}