{"val_acc": 0.9736999869346619, "best_acc": 0.9752999544143677, "loss": 0.09004879742860794, "_timestamp": 1718635596.0208855, "_runtime": 2436.109186410904, "_step": 1000, "_wandb": {"runtime": 2435}}