{"val_acc": 0.9352525472640991, "best_acc": 0.9569697380065918, "loss": 0.3251195549964905, "_timestamp": 1717772806.9330187, "_runtime": 854.0658807754517, "_step": 300, "_wandb": {"runtime": 853}}