{"val_acc": 0.82989901304245, "best_acc": 0.9284848570823669, "loss": 0.6220888495445251, "_timestamp": 1717698289.788154, "_runtime": 763.5200679302216, "_step": 300, "_wandb": {"runtime": 762}}