{"val_acc": 0.9587000012397766, "best_acc": 0.9672999978065491, "loss": 0.17145678400993347, "_timestamp": 1716421420.3345413, "_runtime": 2171.6425104141235, "_step": 200, "_wandb": {"runtime": 2171}}