{"val_acc": 0.9216161966323853, "best_acc": 0.9573737382888794, "loss": 0.4438636898994446, "_timestamp": 1717905042.504583, "_runtime": 854.2348687648773, "_step": 300, "_wandb": {"runtime": 853}}