{"val_acc": 0.9096999764442444, "best_acc": 0.9305999875068665, "loss": 0.4757553040981293, "_timestamp": 1717567647.8547344, "_runtime": 819.5467283725739, "_step": 300, "_wandb": {"runtime": 818}}