{"val_acc": 0.5138999819755554, "best_acc": 0.6651999950408936, "loss": 1.2662501335144043, "_timestamp": 1717735365.550036, "_runtime": 722.1803019046783, "_step": 300, "_wandb": {"runtime": 721}}