{"val_acc": 0.5016999840736389, "_timestamp": 1712674495.2543786, "_runtime": 8851.500868558884, "_step": 500, "_wandb": {"runtime": 8850}}