{"val_acc": 0.4578000009059906, "best_acc": 0.5245000123977661, "loss": 1.7460803985595703, "_timestamp": 1717404194.2091424, "_runtime": 614.7176973819733, "_step": 9, "_wandb": {"runtime": 616}}