{"val_acc": 0.11349999904632568, "best_acc": 0.7967000007629395, "loss": 2.3025832176208496, "_timestamp": 1717590045.5436015, "_runtime": 686.3331224918365, "_step": 300, "_wandb": {"runtime": 685}}