{"val_acc": 0.791700005531311, "best_acc": 0.795799970626831, "loss": 0.7133543491363525, "_timestamp": 1713080514.7046688, "_runtime": 9680.699705839157, "_step": 1000, "_wandb": {"runtime": 9679}}