{"val_acc": 0.7408999800682068, "best_acc": 0.7678999900817871, "loss": 0.7691307663917542, "_timestamp": 1713826847.1625881, "_runtime": 20479.029301166534, "_step": 2000, "_wandb": {"runtime": 20478}}