{"val_acc": 0.7572999596595764, "best_acc": 0.8671999573707581, "loss": 1.238035798072815, "_timestamp": 1718325329.5331006, "_runtime": 2568.4882855415344, "_step": 1000, "_wandb": {"runtime": 2567}}