{"val_acc": 0.7632323503494263, "best_acc": 0.9271717667579651, "loss": 0.8062018156051636, "_timestamp": 1717946903.824754, "_runtime": 745.1441390514374, "_step": 300, "_wandb": {"runtime": 744}}