{"val_acc": 0.93747478723526, "best_acc": 0.9566667079925537, "loss": 0.23418860137462616, "_timestamp": 1717911883.890217, "_runtime": 819.0124461650848, "_step": 300, "_wandb": {"runtime": 818}}