{"val_acc": 0.8119192123413086, "best_acc": 0.9365656971931458, "loss": 0.5832368731498718, "_timestamp": 1717683884.6182888, "_runtime": 781.8686866760254, "_step": 300, "_wandb": {"runtime": 781}}