{"val_acc": 0.9456999897956848, "best_acc": 0.9656999707221985, "loss": 0.259357213973999, "_timestamp": 1716415882.9550045, "_runtime": 3642.8674595355988, "_step": 200, "_wandb": {"runtime": 3641}}