{"val_acc": 0.4496999979019165, "best_acc": 0.48919999599456787, "loss": 1.4949426651000977, "_timestamp": 1713017574.8006077, "_runtime": 12734.671660661697, "_step": 569}