{"val_acc": 0.982699990272522, "best_acc": 0.9847999811172485, "loss": 0.05247115343809128, "_timestamp": 1716175636.9005306, "_runtime": 6119.064420461655, "_step": 177}