{"val_acc": 0.9670707583427429, "best_acc": 0.9680808186531067, "loss": 0.11397100239992142, "_timestamp": 1718068188.3791955, "_runtime": 1492.2145645618439, "_step": 500, "_wandb": {"runtime": 1491}}