{"val_acc": 0.9687999486923218, "best_acc": 0.9784999489784241, "loss": 0.11073900759220123, "_timestamp": 1716846758.1061637, "_runtime": 2678.7765486240387, "_step": 1000, "_wandb": {"runtime": 2678}}