{"val_acc": 0.524899959564209, "best_acc": 0.5397999882698059, "loss": 1.8528456687927246, "_timestamp": 1716884894.9392478, "_runtime": 87.08401393890381, "_step": 5, "_wandb": {"runtime": 102}}