{"val_acc": 0.12950000166893005, "best_acc": 0.12950000166893005, "loss": 2.272321939468384, "_timestamp": 1717167502.070434, "_runtime": 76.42768120765686, "_step": 0, "_wandb": {"runtime": 112}}