{"val_acc": 0.8582828640937805, "best_acc": 0.954242467880249, "loss": 0.4197092056274414, "_timestamp": 1717678900.2152927, "_runtime": 864.2278077602386, "_step": 300, "_wandb": {"runtime": 863}}