{"val_acc": 0.7116999626159668, "best_acc": 0.9160999655723572, "loss": 0.8965667486190796, "_timestamp": 1717542641.738224, "_runtime": 767.4863290786743, "_step": 300, "_wandb": {"runtime": 766}}