{"val_acc": 0.8987999558448792, "best_acc": 0.9400999546051025, "loss": 0.3873032033443451, "_timestamp": 1718633149.7353747, "_runtime": 2523.033629655838, "_step": 1000, "_wandb": {"runtime": 2522}}