{"val_acc": 0.06520000100135803, "best_acc": 0.988599956035614, "loss": 1.7340712547302246, "_timestamp": 1714037417.9454398, "_runtime": 5705.249826908112, "_step": 2000, "_wandb": {"runtime": 5704}}