{"val_acc": 0.6575999855995178, "best_acc": 0.8868999481201172, "loss": 1.0003827810287476, "_timestamp": 1717517377.4187498, "_runtime": 736.7520847320557, "_step": 300, "_wandb": {"runtime": 736}}